Date,Mkt-RF,SMB,HML,RF
1996-01-02,0.59,-0.35,-0.16,0.019
1996-01-03,-0.08,-0.25,0.66,0.019
1996-01-04,-0.82,-0.33,0.25,0.019
1996-01-05,-0.15,0.73,-0.17,0.019
1996-01-08,0.24,-0.23,-0.06,0.019
1996-01-09,-1.67,0.19,1.17,0.019
1996-01-10,-1.62,0.27,0.07,0.019
1996-01-11,0.87,0.02,-0.63,0.019
1996-01-12,-0.13,-0.13,0.23,0.019
1996-01-15,-0.58,-0.43,0.7,0.019
1996-01-16,1.02,-1.42,0.05,0.019
1996-01-17,-0.09,0.22,0.27,0.019
1996-01-18,0.37,0.24,-0.67,0.019
1996-01-19,0.57,-0.23,-0.49,0.019
1996-01-22,0.41,0.08,-0.3,0.019
1996-01-23,-0.02,0.39,-0.18,0.019
1996-01-24,1.05,-0.39,-0.4,0.019
1996-01-25,-0.4,0.45,0.31,0.019
1996-01-26,0.63,-0.38,-0.44,0.019
1996-01-29,0.37,-0.35,0.28,0.019
1996-01-30,0.91,-0.41,-0.08,0.019
1996-01-31,0.83,-0.32,-0.17,0.019
1996-02-01,0.43,0.19,-0.43,0.02
1996-02-02,-0.28,0.47,-0.43,0.02
1996-02-05,0.74,-0.51,-0.38,0.02
1996-02-06,0.68,-0.35,-0.06,0.02
1996-02-07,0.36,-0.69,0.17,0.02
1996-02-08,0.8,-0.38,-0.43,0.02
1996-02-09,0.08,0.16,0,0.02
1996-02-12,0.54,-0.6,0.19,0.02
1996-02-13,-0.2,-0.37,0.58,0.02
1996-02-14,-0.46,0.89,-0.02,0.02
1996-02-15,-0.31,0.47,-0.18,0.02
1996-02-16,-0.39,0.73,0.04,0.02
1996-02-20,-1.05,0.31,-0.16,0.02
1996-02-21,1.05,-0.33,-0.57,0.02
1996-02-22,1.57,-0.53,-0.54,0.02
1996-02-23,0.08,0.13,-0.06,0.02
1996-02-26,-1.05,0.95,0.34,0.02
1996-02-27,-0.44,0.27,0.28,0.02
1996-02-28,-0.19,0.37,0.28,0.02
1996-02-29,-0.6,0.64,-0.03,0.02
1996-03-01,0.25,-0.61,0.74,0.019
1996-03-04,0.92,-0.55,-0.04,0.019
1996-03-05,0.68,-0.39,-0.48,0.019
1996-03-06,-0.38,0.45,0.29,0.019
1996-03-07,0.18,-0.09,-0.13,0.019
1996-03-08,-2.91,0.66,0.08,0.019
1996-03-11,0.92,-0.09,-0.64,0.019
1996-03-12,-0.49,0.26,0.09,0.019
1996-03-13,0.42,0.3,-0.04,0.019
1996-03-14,0.41,0.17,0.02,0.019
1996-03-15,0.17,-0.02,-0.46,0.019
1996-03-18,1.47,-0.72,-0.04,0.019
1996-03-19,-0.15,0.19,0.42,0.019
1996-03-20,-0.28,0.18,0.35,0.019
1996-03-21,-0.09,0.33,0.01,0.019
1996-03-22,0.2,0,-0.08,0.019
1996-03-25,-0.3,-0.41,0.99,0.019
1996-03-26,0.28,-0.3,-0.01,0.019
1996-03-27,-0.34,0.65,-0.02,0.019
1996-03-28,0.04,0.07,0.08,0.019
1996-03-29,-0.21,1.16,-0.13,0.019
1996-04-01,1.04,-0.8,-0.04,0.022
1996-04-02,0.21,0.2,-0.14,0.022
1996-04-03,0.13,0.29,-0.16,0.022
1996-04-04,0.04,0.23,0.01,0.022
1996-04-08,-1.67,0.7,-0.31,0.022
1996-04-09,-0.13,0.57,0.19,0.022
1996-04-10,-1.19,0.98,-0.32,0.022
1996-04-11,-0.54,0.33,-0.22,0.022
1996-04-12,0.83,-0.52,0.13,0.022
1996-04-15,0.81,-0.05,-0.3,0.022
1996-04-16,0.49,0.18,-0.69,0.022
1996-04-17,-0.49,0.32,0.36,0.022
1996-04-18,0.47,0.45,-0.46,0.022
1996-04-19,0.22,0.25,-0.32,0.022
1996-04-22,0.57,0.21,-0.59,0.022
1996-04-23,0.6,0.14,-0.14,0.022
1996-04-24,-0.01,0.39,-0.41,0.022
1996-04-25,0.45,0.18,-0.33,0.022
1996-04-26,0.15,0.37,0,0.022
1996-04-29,0.09,0.17,-0.16,0.022
1996-04-30,0.03,0.12,0.13,0.022
1996-05-01,0.22,0.48,-0.03,0.019
1996-05-02,-1.61,0.66,0.17,0.019
1996-05-03,-0.11,0.58,-0.16,0.019
1996-05-06,-0.16,0.37,-0.19,0.019
1996-05-07,-0.41,-0.01,0.16,0.019
1996-05-08,0.61,-1.08,0.25,0.019
1996-05-09,0.25,0.58,-0.17,0.019
1996-05-10,1.09,-0.14,-0.26,0.019
1996-05-13,1.31,-0.43,-0.67,0.019
1996-05-14,0.72,0.13,-0.06,0.019
1996-05-15,-0.02,0.26,-0.07,0.019
1996-05-16,0.05,0.26,-0.39,0.019
1996-05-17,0.55,0,0.27,0.019
1996-05-20,0.59,0.2,-0.22,0.019
1996-05-21,-0.07,0.14,0.21,0.019
1996-05-22,0.62,-0.22,0.49,0.019
1996-05-23,-0.26,0.31,-0.09,0.019
1996-05-24,0.24,-0.02,-0.48,0.019
1996-05-28,-0.89,0.06,0.19,0.019
1996-05-29,-0.68,0.04,0.52,0.019
1996-05-30,0.51,-0.05,-0.28,0.019
1996-05-31,-0.18,0.82,-0.38,0.019
1996-06-03,-0.25,0.04,0.08,0.02
1996-06-04,0.68,-0.59,0.06,0.02
1996-06-05,0.72,-0.55,-0.11,0.02
1996-06-06,-0.77,0.16,0.4,0.02
1996-06-07,-0.21,-0.41,-0.58,0.02
1996-06-10,-0.12,0.39,0.11,0.02
1996-06-11,-0.12,0.07,0.06,0.02
1996-06-12,-0.08,0.27,0.11,0.02
1996-06-13,-0.29,-0.45,0.24,0.02
1996-06-14,-0.45,-0.1,0.44,0.02
1996-06-17,-0.21,-0.26,0.28,0.02
1996-06-18,-0.78,-0.95,0.8,0.02
1996-06-19,-0.12,-0.37,0.02,0.02
1996-06-20,-0.32,-0.69,-0.03,0.02
1996-06-21,0.58,-0.22,-0.48,0.02
1996-06-24,0.33,0.2,-0.17,0.02
1996-06-25,-0.25,-0.45,0.15,0.02
1996-06-26,-0.82,-0.71,0.61,0.02
1996-06-27,0.6,-0.12,-0.15,0.02
1996-06-28,0.73,1.14,-0.25,0.02
1996-07-01,0.75,-0.44,-0.01,0.02
1996-07-02,-0.29,0.15,0.25,0.02
1996-07-03,-0.35,-0.08,0.2,0.02
1996-07-05,-2.05,0.83,0.37,0.02
1996-07-08,-0.86,-0.09,0.32,0.02
1996-07-09,0.32,-0.45,0.11,0.02
1996-07-10,-0.21,-1.15,0.84,0.02
1996-07-11,-1.87,-1,1.49,0.02
1996-07-12,0,-0.31,0.25,0.02
1996-07-15,-2.69,-0.41,1.94,0.02
1996-07-16,-0.53,-1.17,0.13,0.02
1996-07-17,1.42,1.51,-1.47,0.02
1996-07-18,1.6,0.08,-1.19,0.02
1996-07-19,-0.79,0.47,0.27,0.02
1996-07-22,-0.95,-0.47,0.82,0.02
1996-07-23,-1.46,-0.79,1.52,0.02
1996-07-24,-0.26,-1.35,-0.04,0.02
1996-07-25,0.92,0.53,-0.75,0.02
1996-07-26,0.9,0.17,-0.73,0.02
1996-07-29,-0.79,0.28,0.67,0.02
1996-07-30,0.48,-0.5,0.09,0.02
1996-07-31,0.73,0.11,-0.42,0.02
1996-08-01,1.57,-0.67,-0.38,0.019
1996-08-02,1.85,-0.48,-0.87,0.019
1996-08-05,-0.29,0.3,0.23,0.019
1996-08-06,0.31,-0.1,-0.41,0.019
1996-08-07,0.39,0.42,-0.47,0.019
1996-08-08,-0.17,0.07,0.25,0.019
1996-08-09,-0.28,0.07,0.39,0.019
1996-08-12,0.54,-0.6,-0.06,0.019
1996-08-13,-0.79,0.31,0.25,0.019
1996-08-14,0.39,-0.06,0.02,0.019
1996-08-15,0.08,0.12,0.21,0.019
1996-08-16,0.41,-0.11,0.35,0.019
1996-08-19,0.07,-0.18,0.25,0.019
1996-08-20,-0.16,0.02,0.49,0.019
1996-08-21,-0.09,-0.01,0.08,0.019
1996-08-22,0.86,-0.03,-0.52,0.019
1996-08-23,-0.36,0.61,-0.11,0.019
1996-08-26,-0.37,0.31,0.06,0.019
1996-08-27,0.41,0.27,-0.48,0.019
1996-08-28,0,0.61,-0.2,0.019
1996-08-29,-0.95,0.68,0.26,0.019
1996-08-30,-0.63,0.62,0.21,0.019
1996-09-03,0.15,-0.35,-0.02,0.022
1996-09-04,0.15,0.27,0.19,0.022
1996-09-05,-0.98,0.23,0.53,0.022
1996-09-06,0.99,-0.15,-0.54,0.022
1996-09-09,0.98,-0.59,-0.19,0.022
1996-09-10,0.04,0.11,-0.17,0.022
1996-09-11,0.42,-0.3,0.02,0.022
1996-09-12,0.62,-0.08,-0.36,0.022
1996-09-13,1.29,-0.6,-0.69,0.022
1996-09-16,0.48,-0.3,-0.04,0.022
1996-09-17,-0.12,0.16,-0.31,0.022
1996-09-18,-0.18,0.18,-0.12,0.022
1996-09-19,0.18,-0.16,-0.54,0.022
1996-09-20,0.5,-0.09,-0.07,0.022
1996-09-23,-0.2,-0.17,0.16,0.022
1996-09-24,-0.03,0.27,-0.23,0.022
1996-09-25,0.15,0.36,-0.31,0.022
1996-09-26,0.2,0.26,-0.55,0.022
1996-09-27,0.06,0.07,0.02,0.022
1996-09-30,0.19,0,0.21,0.022
1996-10-01,0.02,-0.65,0.75,0.018
1996-10-02,0.73,-0.01,-0.09,0.018
1996-10-03,-0.17,0.02,0.08,0.018
1996-10-04,1.1,-0.76,-0.19,0.018
1996-10-07,0.18,-0.35,0.16,0.018
1996-10-08,-0.44,0.02,0.36,0.018
1996-10-09,-0.51,0.32,0.16,0.018
1996-10-10,-0.23,0.37,0.07,0.018
1996-10-11,0.7,-0.38,-0.15,0.018
1996-10-14,0.44,-0.25,-0.13,0.018
1996-10-15,-0.17,0.08,0.15,0.018
1996-10-16,0.09,-0.29,0.13,0.018
1996-10-17,0.24,-0.43,0.42,0.018
1996-10-18,0.35,-0.42,0.2,0.018
1996-10-21,-0.28,-0.45,0.78,0.018
1996-10-22,-0.67,-0.46,0.64,0.018
1996-10-23,-0.01,-0.11,0.09,0.018
1996-10-24,-0.48,0.6,0.17,0.018
1996-10-25,-0.21,0.13,0.45,0.018
1996-10-28,-0.62,-0.41,0.6,0.018
1996-10-29,0.25,-1.06,0.73,0.018
1996-10-30,-0.03,-0.04,0.13,0.018
1996-10-31,0.63,0.09,-0.44,0.018
1996-11-01,-0.18,-0.25,0.06,0.02
1996-11-04,0.27,-0.45,0.46,0.02
1996-11-05,0.86,-0.92,-0.11,0.02
1996-11-06,1.39,-0.56,-0.64,0.02
1996-11-07,0.41,0.22,-0.48,0.02
1996-11-08,0.34,-0.29,-0.1,0.02
1996-11-11,0.17,0.14,-0.04,0.02
1996-11-12,-0.23,0.14,0.47,0.02
1996-11-13,0.18,-0.06,-0.22,0.02
1996-11-14,0.6,-0.32,-0.01,0.02
1996-11-15,0.06,-0.38,0.29,0.02
1996-11-18,-0.17,-0.26,0.82,0.02
1996-11-19,0.54,-0.53,0.37,0.02
1996-11-20,0.2,-0.18,0.26,0.02
1996-11-21,-0.2,0.07,0.2,0.02
1996-11-22,0.74,-0.09,-0.2,0.02
1996-11-25,0.99,-0.57,0.1,0.02
1996-11-26,-0.19,-0.05,0.06,0.02
1996-11-27,0.02,0.39,-0.07,0.02
1996-11-29,0.27,0.23,-0.11,0.02
1996-12-02,0.06,0.17,-0.1,0.022
1996-12-03,-0.74,1.43,0.1,0.022
1996-12-04,-0.33,0.39,-0.04,0.022
1996-12-05,-0.07,0.44,-0.13,0.022
1996-12-06,-0.74,-0.32,0.15,0.022
1996-12-09,1.38,0.04,-0.55,0.022
1996-12-10,-0.29,0.51,0.54,0.022
1996-12-11,-0.91,0.03,-0.05,0.022
1996-12-12,-1.29,1.19,-0.08,0.022
1996-12-13,-0.3,-0.45,0.44,0.022
1996-12-16,-1.12,0.18,0.66,0.022
1996-12-17,0.47,-0.86,0.28,0.022
1996-12-18,0.83,0.14,-0.58,0.022
1996-12-19,1.56,-1.05,-0.28,0.022
1996-12-20,0.29,-0.25,0.53,0.022
1996-12-23,-0.36,-0.15,0.26,0.022
1996-12-24,0.48,-0.38,-0.19,0.022
1996-12-26,0.57,-0.25,-0.07,0.022
1996-12-27,0.17,0.16,-0.12,0.022
1996-12-30,-0.26,0.12,0.34,0.022
1996-12-31,-1.02,2.04,-0.23,0.022
1997-01-02,-0.75,0.05,0.13,0.02
1997-01-03,1.39,-0.32,-0.78,0.02
1997-01-06,0.02,0.11,0.05,0.02
1997-01-07,0.72,-0.02,-0.52,0.02
1997-01-08,-0.44,0.5,0.53,0.02
1997-01-09,0.72,-0.38,-0.15,0.02
1997-01-10,0.5,-0.17,-0.37,0.02
1997-01-13,-0.07,0.09,0.27,0.02
1997-01-14,1.11,-0.85,0.04,0.02
1997-01-15,-0.22,0.04,0.47,0.02
1997-01-16,0.25,-0.21,-0.33,0.02
1997-01-17,0.72,-0.28,-0.26,0.02
1997-01-20,0.26,0.21,-0.41,0.02
1997-01-21,0.59,-0.53,-0.21,0.02
1997-01-22,0.44,-0.41,-0.07,0.02
1997-01-23,-0.85,0.91,0.37,0.02
1997-01-24,-0.97,0.35,0.29,0.02
1997-01-27,-0.72,0.08,0.34,0.02
1997-01-28,0.01,0.41,-0.22,0.02
1997-01-29,0.68,-0.73,-0.03,0.02
1997-01-30,1.21,-0.67,-0.42,0.02
1997-01-31,0.31,0.01,-0.35,0.02
1997-02-03,-0.02,0.04,0.38,0.02
1997-02-04,0.12,-0.54,0.28,0.02
1997-02-05,-1.28,0.47,0.77,0.02
1997-02-06,0.24,-0.23,-0.09,0.02
1997-02-07,0.96,-0.79,-0.04,0.02
1997-02-10,-0.65,-0.08,0.81,0.02
1997-02-11,0.32,-0.9,0.45,0.02
1997-02-12,1.52,-0.79,-0.67,0.02
1997-02-13,1.02,-0.54,0.16,0.02
1997-02-14,-0.22,0.29,0.32,0.02
1997-02-18,0.71,-0.52,0.27,0.02
1997-02-19,-0.32,0.41,0.31,0.02
1997-02-20,-1.17,0.41,0.42,0.02
1997-02-21,-0.26,-0.05,0.64,0.02
1997-02-24,0.85,-0.78,0.03,0.02
1997-02-25,0.25,-0.18,0.17,0.02
1997-02-26,-0.75,0.17,0.11,0.02
1997-02-27,-1.27,0.61,0.76,0.02
1997-02-28,-0.49,0.04,0.15,0.02
1997-03-03,0.39,-0.47,0.13,0.021
1997-03-04,-0.29,0.66,0.23,0.021
1997-03-05,1.17,-0.51,-0.5,0.021
1997-03-06,-0.31,0.09,0.47,0.021
1997-03-07,0.67,-0.59,0.23,0.021
1997-03-10,0.85,-0.45,0.03,0.021
1997-03-11,-0.24,0.39,0.27,0.021
1997-03-12,-0.79,-0.07,0.77,0.021
1997-03-13,-1.66,0.67,0.01,0.021
1997-03-14,0.31,-0.42,-0.11,0.021
1997-03-17,-0.11,-0.84,0.62,0.021
1997-03-18,-0.77,0.3,0.16,0.021
1997-03-19,-0.65,-0.71,0.8,0.021
1997-03-20,-0.2,0.48,-0.19,0.021
1997-03-21,0.09,-0.37,0.22,0.021
1997-03-24,0.47,-1.45,0.68,0.021
1997-03-25,-0.08,0.41,-0.32,0.021
1997-03-26,0.23,0.54,-0.83,0.021
1997-03-27,-1.9,1.18,0.26,0.021
1997-03-31,-2.26,0.67,1.05,0.021
1997-04-01,0.17,-0.89,0.34,0.02
1997-04-02,-1.17,0.44,0.12,0.02
1997-04-03,-0.02,-0.34,-0.36,0.02
1997-04-04,1.15,0.27,-1.44,0.02
1997-04-07,0.77,0.27,-0.2,0.02
1997-04-08,0.43,-0.38,0.18,0.02
1997-04-09,-0.58,0.9,0.33,0.02
1997-04-10,-0.42,0,0.36,0.02
1997-04-11,-2.48,0.95,0.45,0.02
1997-04-14,0.55,-0.67,-0.31,0.02
1997-04-15,1.19,-1.04,0.24,0.02
1997-04-16,0.81,-1.02,0.23,0.02
1997-04-17,-0.11,0.13,0.31,0.02
1997-04-18,0.42,-0.09,-0.09,0.02
1997-04-21,-0.99,-0.1,0.44,0.02
1997-04-22,1.4,-1.6,-0.05,0.02
1997-04-23,-0.03,-0.05,-0.19,0.02
1997-04-24,-0.22,0.43,-0.08,0.02
1997-04-25,-0.95,0.16,0.39,0.02
1997-04-28,0.81,-1.12,0.19,0.02
1997-04-29,2.41,-1.5,-0.39,0.02
1997-04-30,0.93,-0.43,-0.45,0.02
1997-05-01,-0.1,1.02,-0.26,0.023
1997-05-02,1.93,0.53,-0.85,0.023
1997-05-05,2.16,0.14,-1.61,0.023
1997-05-06,-0.31,0.02,0.63,0.023
1997-05-07,-1.18,1.21,-0.03,0.023
1997-05-08,0.41,-0.55,-0.07,0.023
1997-05-09,0.51,-0.07,0.12,0.023
1997-05-12,1.29,-0.74,-0.19,0.023
1997-05-13,-0.45,0.45,0,0.023
1997-05-14,0.35,-0.24,0.43,0.023
1997-05-15,0.58,-0.08,-0.85,0.023
1997-05-16,-1.13,1.05,0.46,0.023
1997-05-19,0.27,0,-0.18,0.023
1997-05-20,0.91,-0.59,-0.19,0.023
1997-05-21,-0.13,0.83,-0.69,0.023
1997-05-22,-0.27,0.56,0.45,0.023
1997-05-23,1.26,-0.09,-0.49,0.023
1997-05-27,0.3,0.29,-0.89,0.023
1997-05-28,-0.11,0.52,-0.02,0.023
1997-05-29,-0.28,0.5,0.14,0.023
1997-05-30,0.55,-0.3,0.51,0.023
1997-06-02,-0.05,0.92,-0.24,0.018
1997-06-03,-0.16,-0.09,0.91,0.018
1997-06-04,-0.44,0.47,0.4,0.018
1997-06-05,0.42,0.02,0.05,0.018
1997-06-06,1.41,-0.79,-0.39,0.018
1997-06-09,0.48,-0.26,0.06,0.018
1997-06-10,0.14,-0.54,0.61,0.018
1997-06-11,0.41,-0.34,0.25,0.018
1997-06-12,1.29,-0.98,0.1,0.018
1997-06-13,0.98,-0.38,-0.39,0.018
1997-06-16,0.04,-0.08,-0.12,0.018
1997-06-17,0.12,0.21,-0.19,0.018
1997-06-18,-0.38,0.21,0.65,0.018
1997-06-19,0.95,-0.01,-0.41,0.018
1997-06-20,-0.04,-0.31,-0.07,0.018
1997-06-23,-1.84,1.36,0.32,0.018
1997-06-24,1.61,-0.91,-0.22,0.018
1997-06-25,-0.71,0.51,0.35,0.018
1997-06-26,-0.5,0.37,0.12,0.018
1997-06-27,0.42,0.22,0.04,0.018
1997-06-30,-0.1,1.61,-0.7,0.018
1997-07-01,0.55,-0.95,0.5,0.019
1997-07-02,1.17,-1.19,-0.15,0.019
1997-07-03,1.2,-0.77,-0.25,0.019
1997-07-07,-0.35,0.38,0.05,0.019
1997-07-08,0.69,-0.38,-0.24,0.019
1997-07-09,-0.95,0.86,0.15,0.019
1997-07-10,0.57,-0.16,0.22,0.019
1997-07-11,0.44,0.44,-0.41,0.019
1997-07-14,0.24,0.27,-0.41,0.019
1997-07-15,0.75,0.16,-0.66,0.019
1997-07-16,1.14,-0.2,-0.55,0.019
1997-07-17,-0.55,0.14,0.33,0.019
1997-07-18,-1.41,0.93,0.52,0.019
1997-07-21,-0.41,-0.11,0.1,0.019
1997-07-22,1.98,-1.35,-0.49,0.019
1997-07-23,0.29,-0.1,0.42,0.019
1997-07-24,0.31,-0.16,-0.01,0.019
1997-07-25,-0.11,0.25,0.08,0.019
1997-07-28,-0.23,0.06,0.68,0.019
1997-07-29,0.53,-0.51,0.5,0.019
1997-07-30,1.09,-0.38,0.09,0.019
1997-07-31,0.18,0.07,0.25,0.019
1997-08-01,-0.57,0.53,0.26,0.02
1997-08-04,0.3,0.09,-0.13,0.02
1997-08-05,0.34,0.63,-0.54,0.02
1997-08-06,0.74,-0.21,0.06,0.02
1997-08-07,-0.77,0.79,0.37,0.02
1997-08-08,-1.81,0.68,0.11,0.02
1997-08-11,0.16,-0.6,0.47,0.02
1997-08-12,-0.93,0.64,0.59,0.02
1997-08-13,-0.26,0.3,0.04,0.02
1997-08-14,0.26,-0.04,-0.2,0.02
1997-08-15,-2.06,1.32,0.54,0.02
1997-08-18,0.81,-0.86,-0.33,0.02
1997-08-19,1.38,-0.23,-0.42,0.02
1997-08-20,1.36,-0.13,-0.53,0.02
1997-08-21,-1.23,0.88,0.34,0.02
1997-08-22,-0.28,-0.14,0.16,0.02
1997-08-25,-0.12,0.69,0.27,0.02
1997-08-26,-0.6,0.72,0.31,0.02
1997-08-27,0.18,0.63,-0.17,0.02
1997-08-28,-0.81,0.99,0.39,0.02
1997-08-29,-0.21,0.59,-0.17,0.02
1997-09-02,2.44,-1.29,-0.59,0.021
1997-09-03,0.18,-0.16,0.46,0.021
1997-09-04,0.28,0.04,-0.03,0.021
1997-09-05,0.02,0.73,0.05,0.021
1997-09-08,0.32,0.27,0.16,0.021
1997-09-09,0.27,0.18,0.23,0.021
1997-09-10,-1.22,1.17,0.65,0.021
1997-09-11,-0.63,0.68,-0.1,0.021
1997-09-12,1.19,-0.31,-0.27,0.021
1997-09-15,-0.31,0.34,0.39,0.021
1997-09-16,2.25,-1.48,-0.33,0.021
1997-09-17,-0.08,0.23,0.31,0.021
1997-09-18,0.35,-0.29,0.04,0.021
1997-09-19,0.3,0.07,-0.6,0.021
1997-09-22,0.49,0.07,-0.54,0.021
1997-09-23,-0.28,0.67,-0.23,0.021
1997-09-24,-0.62,0.62,0.34,0.021
1997-09-25,-0.61,0.6,0.1,0.021
1997-09-26,0.64,-0.39,-0.1,0.021
1997-09-29,0.73,-0.27,-0.27,0.021
1997-09-30,-0.43,0.88,0.32,0.021
1997-10-01,0.62,-0.54,0.19,0.018
1997-10-02,0.55,-0.05,0.11,0.018
1997-10-03,0.48,0.04,-0.22,0.018
1997-10-06,0.68,-0.22,-0.12,0.018
1997-10-07,0.89,-0.26,-0.72,0.018
1997-10-08,-0.61,0.76,-0.27,0.018
1997-10-09,-0.2,0.4,0.32,0.018
1997-10-10,-0.28,0.55,0.19,0.018
1997-10-13,0.1,0,0.35,0.018
1997-10-14,0.03,-0.32,0.16,0.018
1997-10-15,-0.33,0.06,0.09,0.018
1997-10-16,-1.05,-0.19,0.57,0.018
1997-10-17,-1.31,-0.55,0.38,0.018
1997-10-20,1.1,-0.16,-0.46,0.018
1997-10-21,1.65,-0.68,-0.31,0.018
1997-10-22,-0.3,0.32,0.11,0.018
1997-10-23,-1.85,-0.11,0.46,0.018
1997-10-24,-0.81,0.42,0.66,0.018
1997-10-27,-6.58,0.25,1.85,0.018
1997-10-28,4.1,-1.8,-2.2,0.018
1997-10-29,0.07,0.9,0.81,0.018
1997-10-30,-1.61,0.29,0.33,0.018
1997-10-31,1.17,0.12,-0.53,0.018
1997-11-03,2.31,-0.88,-0.27,0.021
1997-11-04,0.23,-0.03,-0.1,0.021
1997-11-05,0.34,0.28,-0.33,0.021
1997-11-06,-0.51,0.06,0.39,0.021
1997-11-07,-1.28,-0.36,0.12,0.021
1997-11-10,-0.53,0.5,0.68,0.021
1997-11-11,0.05,-0.39,0.05,0.021
1997-11-12,-1.96,-0.24,0.81,0.021
1997-11-13,0.84,-0.86,-0.58,0.021
1997-11-14,1.21,-0.18,-0.91,0.021
1997-11-17,1.84,-0.48,-0.33,0.021
1997-11-18,-0.8,0,0.61,0.021
1997-11-19,0.45,-0.54,-0.25,0.021
1997-11-20,1.37,-0.63,-0.29,0.021
1997-11-21,0.25,-0.45,0.12,0.021
1997-11-24,-1.68,-0.03,0.84,0.021
1997-11-25,0.35,-0.69,0.19,0.021
1997-11-26,0.18,0.06,0.17,0.021
1997-11-28,0.36,-0.09,-0.07,0.021
1997-12-01,1.79,-1.17,-0.01,0.022
1997-12-02,-0.33,-0.29,0.77,0.022
1997-12-03,0.53,-0.18,-0.48,0.022
1997-12-04,-0.2,0.31,0.11,0.022
1997-12-05,0.97,-0.4,-0.21,0.022
1997-12-08,0.04,0.76,-0.12,0.022
1997-12-09,-0.74,-0.24,0.72,0.022
1997-12-10,-0.79,-0.62,0.84,0.022
1997-12-11,-1.58,-0.35,0.82,0.022
1997-12-12,-0.3,-0.31,0.62,0.022
1997-12-15,0.67,-1.49,0.62,0.022
1997-12-16,0.6,0.35,-0.56,0.022
1997-12-17,-0.15,0.19,0.45,0.022
1997-12-18,-1.08,-0.19,0.28,0.022
1997-12-19,-0.68,0.55,-0.43,0.022
1997-12-22,0.57,-0.29,0.13,0.022
1997-12-23,-1.22,1.06,0.76,0.022
1997-12-24,-0.58,0.43,0.22,0.022
1997-12-26,0.33,-0.3,-0.02,0.022
1997-12-29,1.6,-0.76,-0.5,0.022
1997-12-30,1.76,-0.22,-0.49,0.022
1997-12-31,0.21,0.87,-0.23,0.022
1998-01-02,0.22,-0.05,-0.46,0.021
1998-01-05,0.22,0.08,-0.31,0.021
1998-01-06,-1.04,0.24,0.23,0.021
1998-01-07,-0.38,-0.39,-0.1,0.021
1998-01-08,-0.82,0.33,-0.25,0.021
1998-01-09,-2.98,0.16,0.71,0.021
1998-01-12,0.74,-1.63,0.1,0.021
1998-01-13,1.5,0.11,-0.64,0.021
1998-01-14,0.61,-0.01,0.23,0.021
1998-01-15,-0.6,0.59,0.25,0.021
1998-01-16,1.08,0,-0.26,0.021
1998-01-20,1.63,-0.37,-0.91,0.021
1998-01-21,-0.66,0.27,0.18,0.021
1998-01-22,-0.8,0.02,0.52,0.021
1998-01-23,-0.56,0.34,-0.3,0.021
1998-01-26,-0.25,-0.7,0.59,0.021
1998-01-27,0.97,-0.61,-0.27,0.021
1998-01-28,1.01,0.29,-0.51,0.021
1998-01-29,0.78,-0.18,-0.38,0.021
1998-01-30,-0.4,0.3,0.16,0.021
1998-02-02,1.93,-1.21,-0.67,0.021
1998-02-03,0.53,0.19,0.03,0.021
1998-02-04,0.22,0.7,-0.36,0.021
1998-02-05,-0.15,0.68,0.12,0.021
1998-02-06,0.75,-0.5,0.07,0.021
1998-02-09,-0.09,0.37,0.31,0.021
1998-02-10,0.81,0.04,-0.17,0.021
1998-02-11,0.16,-0.01,0.33,0.021
1998-02-12,0.36,-0.29,0.01,0.021
1998-02-13,-0.25,0.67,0.02,0.021
1998-02-17,0.15,-0.45,0.5,0.021
1998-02-18,0.8,-0.49,-0.38,0.021
1998-02-19,-0.23,0.34,-0.11,0.021
1998-02-20,0.38,-0.35,0.06,0.021
1998-02-23,0.44,0.11,-0.44,0.021
1998-02-24,-0.74,0.33,0.65,0.021
1998-02-25,1.14,-0.32,-0.24,0.021
1998-02-26,0.56,0.05,-0.09,0.021
1998-02-27,0.05,0.06,0.23,0.021
1998-03-02,-0.16,0.06,0.6,0.018
1998-03-03,0.34,-0.31,0.48,0.018
1998-03-04,-0.42,0.32,0.39,0.018
1998-03-05,-1.03,-0.14,0.56,0.018
1998-03-06,1.85,-0.36,-0.67,0.018
1998-03-09,-0.32,-0.19,0.4,0.018
1998-03-10,1.07,-0.45,-0.27,0.018
1998-03-11,0.5,0.05,-0.11,0.018
1998-03-12,0.13,0.14,-0.34,0.018
1998-03-13,-0.08,0.22,0.26,0.018
1998-03-16,0.88,-0.4,0.15,0.018
1998-03-17,0.1,-0.43,0.72,0.018
1998-03-18,0.48,-0.2,-0.09,0.018
1998-03-19,0.4,0.02,-0.13,0.018
1998-03-20,0.57,-0.69,0.14,0.018
1998-03-23,-0.33,0.33,-0.13,0.018
1998-03-24,0.85,-0.25,-0.15,0.018
1998-03-25,-0.25,0.39,-0.18,0.018
1998-03-26,-0.06,0.31,-0.25,0.018
1998-03-27,-0.4,0.44,-0.02,0.018
1998-03-30,-0.22,0.21,-0.24,0.018
1998-03-31,0.77,0.06,-0.22,0.018
1998-04-01,0.6,0.37,-0.58,0.02
1998-04-02,0.83,-0.65,0.06,0.02
1998-04-03,0.19,-0.18,0.05,0.02
1998-04-06,-0.31,-0.64,0.92,0.02
1998-04-07,-1.05,-0.54,0.6,0.02
1998-04-08,-0.49,0.71,0.11,0.02
1998-04-09,0.81,0.13,0.07,0.02
1998-04-13,-0.03,-0.24,0.72,0.02
1998-04-14,0.67,0.17,0.27,0.02
1998-04-15,0.37,0.09,0.11,0.02
1998-04-16,-0.88,0.43,-0.03,0.02
1998-04-17,1.12,-0.44,-0.57,0.02
1998-04-20,0.17,0.6,-0.73,0.02
1998-04-21,0.24,0.5,-0.17,0.02
1998-04-22,0.29,-0.26,0.02,0.02
1998-04-23,-1.13,-0.04,0.42,0.02
1998-04-24,-0.98,0.21,-0.02,0.02
1998-04-27,-2.14,-0.38,0.45,0.02
1998-04-28,0.15,0.67,-0.37,0.02
1998-04-29,0.89,-0.02,-0.27,0.02
1998-04-30,1.47,-0.26,-0.45,0.02
1998-05-01,0.6,-0.49,0.25,0.02
1998-05-04,0.15,0.1,-0.19,0.02
1998-05-05,-0.59,-0.02,0.16,0.02
1998-05-06,-0.83,0.23,0.56,0.02
1998-05-07,-0.83,0.13,0.58,0.02
1998-05-08,1.07,-0.44,-0.54,0.02
1998-05-11,-0.25,-0.32,0.53,0.02
1998-05-12,0.53,-0.82,-0.05,0.02
1998-05-13,0.27,-0.07,0.11,0.02
1998-05-14,-0.18,-0.24,0.29,0.02
1998-05-15,-0.78,0.03,0.49,0.02
1998-05-18,-0.44,-0.59,0.13,0.02
1998-05-19,0.38,0.37,-0.53,0.02
1998-05-20,0.47,-1.17,0.44,0.02
1998-05-21,-0.36,-0.05,0.56,0.02
1998-05-22,-0.55,-0.36,0.52,0.02
1998-05-26,-1.5,-0.57,0.99,0.02
1998-05-27,-0.37,-0.82,-0.52,0.02
1998-05-28,0.56,0.57,0.03,0.02
1998-05-29,-0.42,0.65,0.47,0.02
1998-06-01,-0.33,-1.27,1.08,0.019
1998-06-02,0.18,-0.62,0.26,0.019
1998-06-03,-0.78,0.6,0.5,0.019
1998-06-04,0.99,-0.35,-0.72,0.019
1998-06-05,1.45,-0.9,-0.57,0.019
1998-06-08,0.27,0.06,-0.04,0.019
1998-06-09,0.25,0.05,-0.48,0.019
1998-06-10,-0.7,-0.55,0.56,0.019
1998-06-11,-1.46,0.13,0.22,0.019
1998-06-12,0.09,-0.65,-0.46,0.019
1998-06-15,-1.93,0.17,0.49,0.019
1998-06-16,0.99,0.15,-0.91,0.019
1998-06-17,1.63,-0.52,-0.24,0.019
1998-06-18,-0.14,-0.44,-0.32,0.019
1998-06-19,-0.42,0.21,0.1,0.019
1998-06-22,0.33,0.35,-0.09,0.019
1998-06-23,1.36,-0.07,-1.12,0.019
1998-06-24,1.13,-0.24,-0.59,0.019
1998-06-25,-0.31,-0.01,0.29,0.019
1998-06-26,0.3,-0.22,0.2,0.019
1998-06-29,0.55,0.11,-0.32,0.019
1998-06-30,-0.2,0.87,-0.14,0.019
1998-07-01,1.12,-0.65,-0.03,0.018
1998-07-02,-0.2,-0.21,0.31,0.018
1998-07-06,0.85,-0.78,0.17,0.018
1998-07-07,-0.17,-0.12,0.07,0.018
1998-07-08,0.9,-0.71,-0.53,0.018
1998-07-09,-0.51,0.77,-0.07,0.018
1998-07-10,0.31,-0.29,-0.56,0.018
1998-07-13,0.1,-0.01,-0.31,0.018
1998-07-14,0.83,-0.7,-0.15,0.018
1998-07-15,-0.08,0.91,-0.62,0.018
1998-07-16,0.65,-0.3,-0.41,0.018
1998-07-17,0.2,-0.18,-0.36,0.018
1998-07-20,-0.13,0.12,-0.46,0.018
1998-07-21,-1.59,0.32,0.87,0.018
1998-07-22,-0.28,-0.97,0.17,0.018
1998-07-23,-2.05,0.15,0.49,0.018
1998-07-24,-0.15,-0.32,-0.47,0.018
1998-07-27,0.2,-1.54,0,0.018
1998-07-28,-1.5,0.2,0.5,0.018
1998-07-29,-0.46,0.04,0.28,0.018
1998-07-30,1.45,-0.82,-0.35,0.018
1998-07-31,-1.87,-0.27,0.42,0.018
1998-08-03,-0.87,-0.77,0.66,0.02
1998-08-04,-3.55,0.68,0.9,0.02
1998-08-05,0.47,-1.19,-0.22,0.02
1998-08-06,1.07,0.98,-0.53,0.02
1998-08-07,0.39,1.62,-0.3,0.02
1998-08-10,-0.59,-0.16,-0.02,0.02
1998-08-11,-1.66,-0.87,0.11,0.02
1998-08-12,1.54,-0.04,0.04,0.02
1998-08-13,-0.87,-0.2,0.35,0.02
1998-08-14,-0.96,0.72,0.16,0.02
1998-08-17,1.51,-1.43,-0.72,0.02
1998-08-18,1.61,-0.34,-0.45,0.02
1998-08-19,-0.46,-0.73,0.46,0.02
1998-08-20,-0.67,-0.14,-0.09,0.02
1998-08-21,-1.16,-0.33,0.06,0.02
1998-08-24,0.38,-1.13,0.23,0.02
1998-08-25,0.21,-1.14,-0.27,0.02
1998-08-26,-1.09,-1.25,-0.09,0.02
1998-08-27,-3.92,0.21,0.26,0.02
1998-08-28,-1.7,-0.64,1.05,0.02
1998-08-31,-6.71,-0.19,2.43,0.02
1998-09-01,3.56,-0.66,-1.79,0.022
1998-09-02,-0.02,1.33,-0.15,0.022
1998-09-03,-1.09,-0.43,-0.21,0.022
1998-09-04,-0.78,0.96,0.02,0.022
1998-09-08,4.92,-1.07,-1.89,0.022
1998-09-09,-1.77,-0.64,1.17,0.022
1998-09-10,-2.52,0.26,0.69,0.022
1998-09-11,2.67,-0.34,-1.26,0.022
1998-09-14,2.04,-1.26,0.03,0.022
1998-09-15,0.72,-1.16,0.77,0.022
1998-09-16,0.84,-0.36,-0.23,0.022
1998-09-17,-2.35,1.14,0.6,0.022
1998-09-18,0.41,1.37,-0.32,0.022
1998-09-21,0.19,-0.53,-0.32,0.022
1998-09-22,0.7,0.53,-0.61,0.022
1998-09-23,3.24,-1.5,-0.82,0.022
1998-09-24,-2.05,0.89,0.61,0.022
1998-09-25,0.08,-0.51,0.17,0.022
1998-09-28,0.34,-0.44,0.29,0.022
1998-09-29,-0.11,-0.37,-0.26,0.022
1998-09-30,-2.58,2.35,0.18,0.022
1998-10-01,-3.29,-0.38,1.34,0.015
1998-10-02,1.4,-1.65,0.12,0.015
1998-10-05,-1.91,-1.59,0.91,0.015
1998-10-06,-0.55,-0.69,-0.06,0.015
1998-10-07,-1.8,-1.52,0.91,0.015
1998-10-08,-1.69,-2.42,0.16,0.015
1998-10-09,2.64,-0.53,-1.34,0.015
1998-10-12,1.65,0.91,-1.69,0.015
1998-10-13,-0.63,-1.05,0.85,0.015
1998-10-14,1.34,-0.32,-0.2,0.015
1998-10-15,4.06,-1.26,-0.97,0.015
1998-10-16,1.02,0.96,-0.42,0.015
1998-10-19,0.83,1.59,-0.24,0.015
1998-10-20,0.27,1.35,0.38,0.015
1998-10-21,0.59,0.87,-0.59,0.015
1998-10-22,0.87,1.25,-0.83,0.015
1998-10-23,-0.6,1.26,-0.57,0.015
1998-10-26,0.41,1.19,-0.56,0.015
1998-10-27,-0.53,0.56,0.32,0.015
1998-10-28,0.24,0.16,-0.18,0.015
1998-10-29,1.6,-0.65,-0.53,0.015
1998-10-30,1.22,-0.79,0.7,0.015
1998-11-02,1.4,0.73,-0.47,0.015
1998-11-03,-0.1,0.37,0.11,0.015
1998-11-04,0.88,0.32,0.16,0.015
1998-11-05,1.28,-0.03,-0.36,0.015
1998-11-06,0.68,0.6,-0.62,0.015
1998-11-09,-0.83,0.62,-0.43,0.015
1998-11-10,-0.15,-0.16,0.01,0.015
1998-11-11,-0.69,0.13,0.11,0.015
1998-11-12,-0.27,-0.12,0.29,0.015
1998-11-13,0.53,-1.38,0.61,0.015
1998-11-16,0.75,-0.67,-0.27,0.015
1998-11-17,0.32,-0.8,0.09,0.015
1998-11-18,0.51,0.04,-0.54,0.015
1998-11-19,0.66,0.17,-0.39,0.015
1998-11-20,0.78,-0.51,-0.47,0.015
1998-11-23,2.02,-1.11,-0.89,0.015
1998-11-24,-0.43,0.03,0.47,0.015
1998-11-25,0.39,0.68,-0.4,0.015
1998-11-27,0.54,0.81,-0.67,0.015
1998-11-30,-2.31,1.21,0.73,0.015
1998-12-01,0.86,-0.74,0.03,0.017
1998-12-02,-0.21,-0.05,-0.29,0.017
1998-12-03,-1.62,0.73,0.5,0.017
1998-12-04,2,-1.1,-0.58,0.017
1998-12-07,0.89,-0.22,-0.57,0.017
1998-12-08,-0.44,0.49,-0.27,0.017
1998-12-09,0.09,0.11,-0.31,0.017
1998-12-10,-1.55,0.3,0.53,0.017
1998-12-11,-0.05,-0.22,-0.33,0.017
1998-12-14,-2.12,0.1,0.63,0.017
1998-12-15,1.67,-1.11,-0.78,0.017
1998-12-16,-0.08,-0.13,0.37,0.017
1998-12-17,1.51,-1,-0.03,0.017
1998-12-18,0.68,0.59,-0.76,0.017
1998-12-21,1.35,-0.32,-0.73,0.017
1998-12-22,0,-0.09,-0.42,0.017
1998-12-23,1.93,-0.51,-0.88,0.017
1998-12-24,-0.07,0.22,-0.02,0.017
1998-12-28,0.16,0.5,-0.66,0.017
1998-12-29,1.14,-0.39,-0.28,0.017
1998-12-30,-0.5,0.65,0.44,0.017
1998-12-31,0.43,1.86,0.05,0.017
1999-01-04,-0.19,0.21,0.45,0.019
1999-01-05,1.1,-0.89,0.12,0.019
1999-01-06,2.1,-0.7,-0.4,0.019
1999-01-07,-0.07,0.46,-0.23,0.019
1999-01-08,0.45,-0.05,0.38,0.019
1999-01-11,-0.52,1.11,-0.07,0.019
1999-01-12,-1.85,0.66,0.09,0.019
1999-01-13,-0.54,-0.03,-0.22,0.019
1999-01-14,-1.66,1.09,-0.01,0.019
1999-01-15,2.28,-0.75,-0.41,0.019
1999-01-19,0.8,0.13,-0.67,0.019
1999-01-20,0.24,0.15,-0.67,0.019
1999-01-21,-1.82,0.31,0.73,0.019
1999-01-22,-0.66,0.41,0.15,0.019
1999-01-25,0.67,-0.84,-0.24,0.019
1999-01-26,1.39,-0.25,-1.13,0.019
1999-01-27,-0.74,0.06,-0.57,0.019
1999-01-28,1.63,-0.99,-0.69,0.019
1999-01-29,0.95,0.19,-0.61,0.019
1999-02-01,-0.39,0.01,-0.27,0.019
1999-02-02,-0.89,-0.15,-0.18,0.019
1999-02-03,0.9,-0.21,-0.72,0.019
1999-02-04,-1.92,0.37,1.06,0.019
1999-02-05,-0.92,-0.56,0.79,0.019
1999-02-08,0.23,-0.59,0.13,0.019
1999-02-09,-2.25,0.09,1.4,0.019
1999-02-10,0.27,-1.2,-0.45,0.019
1999-02-11,2.49,-0.51,-1.6,0.019
1999-02-12,-1.9,0.15,0.51,0.019
1999-02-16,0.65,-1.29,-0.16,0.019
1999-02-17,-1.45,-0.69,1.11,0.019
1999-02-18,0.92,-1.18,0.67,0.019
1999-02-19,0.25,0.17,-0.5,0.019
1999-02-22,2.41,-1.25,-0.57,0.019
1999-02-23,0.09,0.38,-0.57,0.019
1999-02-24,-1.31,0.34,0.23,0.019
1999-02-25,-0.69,0.11,0.05,0.019
1999-02-26,-0.49,0.03,0.46,0.019
1999-03-01,-0.01,0.24,0.07,0.018
1999-03-02,-0.69,0.09,0.48,0.018
1999-03-03,0.01,-0.62,0.11,0.018
1999-03-04,1.34,-1.03,-0.31,0.018
1999-03-05,2.04,-1.25,-0.47,0.018
1999-03-08,0.66,-0.08,-0.94,0.018
1999-03-09,-0.23,0.15,-0.24,0.018
1999-03-10,0.52,0.04,-0.31,0.018
1999-03-11,0.73,-0.75,0.04,0.018
1999-03-12,-0.32,-0.44,0.72,0.018
1999-03-15,0.94,-0.4,-0.33,0.018
1999-03-16,-0.15,-0.22,-0.3,0.018
1999-03-17,-0.55,0.12,0.37,0.018
1999-03-18,1.27,-1.18,-0.2,0.018
1999-03-19,-1.32,0.17,0.81,0.018
1999-03-22,-0.33,-0.46,0.33,0.018
1999-03-23,-2.64,0.46,0.88,0.018
1999-03-24,0.51,-0.51,-0.26,0.018
1999-03-25,1.78,0.39,-1.02,0.018
1999-03-26,-0.5,0.95,-0.33,0.018
1999-03-29,1.98,-0.2,-1.75,0.018
1999-03-30,-0.63,0.62,-0.24,0.018
1999-03-31,-0.86,-0.01,0.22,0.018
1999-04-01,0.54,-0.1,-0.02,0.018
1999-04-05,1.87,-0.96,-0.56,0.018
1999-04-06,-0.26,-0.01,0.13,0.018
1999-04-07,0.42,-0.73,-0.22,0.018
1999-04-08,1.27,-0.41,-0.77,0.018
1999-04-09,0.43,1.25,-0.48,0.018
1999-04-12,0.87,0.24,-0.19,0.018
1999-04-13,-0.34,1.96,-0.18,0.018
1999-04-14,-1.43,0.55,1.99,0.018
1999-04-15,-0.39,-0.1,0.85,0.018
1999-04-16,-0.23,0.85,1.04,0.018
1999-04-19,-2.48,-1.01,3.78,0.018
1999-04-20,1.38,-0.12,-1.98,0.018
1999-04-21,2.53,0.59,-1.93,0.018
1999-04-22,1.35,-0.56,-0.89,0.018
1999-04-23,0.11,0.57,0.16,0.018
1999-04-26,0.44,0.89,-1.24,0.018
1999-04-27,0.09,-0.07,0.59,0.018
1999-04-28,-0.88,-0.11,1.59,0.018
1999-04-29,-0.45,0.36,0.86,0.018
1999-04-30,-0.47,0.7,-0.4,0.018
1999-05-03,1.1,-1.41,0.59,0.017
1999-05-04,-1.49,0.95,0.44,0.017
1999-05-05,1.03,-0.86,-0.16,0.017
1999-05-06,-1.15,0.86,1.01,0.017
1999-05-07,0.89,-0.51,-0.1,0.017
1999-05-10,-0.03,1.2,0.15,0.017
1999-05-11,1.19,0.07,-0.88,0.017
1999-05-12,0.65,0.08,-0.52,0.017
1999-05-13,0.23,0.22,0.13,0.017
1999-05-14,-2.14,0.8,0.52,0.017
1999-05-17,0.15,-0.04,-0.74,0.017
1999-05-18,-0.4,0.41,0.41,0.017
1999-05-19,0.82,-0.1,-0.2,0.017
1999-05-20,-0.36,0.93,0.41,0.017
1999-05-21,-0.57,0.73,0.7,0.017
1999-05-24,-1.93,0.06,1.03,0.017
1999-05-25,-1.81,-0.1,1.05,0.017
1999-05-26,1.41,-1.19,-0.66,0.017
1999-05-27,-1.43,1.22,-0.03,0.017
1999-05-28,1.53,-0.07,-0.66,0.017
1999-06-01,-0.8,0.29,0.82,0.018
1999-06-02,0.13,-0.32,-0.44,0.018
1999-06-03,0.12,-0.24,0.33,0.018
1999-06-04,2.03,-0.27,-1.62,0.018
1999-06-07,0.71,0.22,-0.06,0.018
1999-06-08,-1.23,0.6,0.42,0.018
1999-06-09,0.16,0.71,-0.62,0.018
1999-06-10,-1.2,0.47,0.57,0.018
1999-06-11,-0.8,-0.03,0.33,0.018
1999-06-14,-0.49,-1.26,1.02,0.018
1999-06-15,0.52,-0.42,-0.02,0.018
1999-06-16,2.26,-0.6,-1.06,0.018
1999-06-17,0.72,0.09,-0.74,0.018
1999-06-18,0.22,0.38,-0.13,0.018
1999-06-21,0.63,0.78,-0.72,0.018
1999-06-22,-0.93,0.6,0.3,0.018
1999-06-23,-0.14,0.25,-0.22,0.018
1999-06-24,-1.31,0.58,0.59,0.018
1999-06-25,-0.06,0.17,-0.06,0.018
1999-06-28,1.23,0.16,-0.24,0.018
1999-06-29,1.49,-0.05,-0.93,0.018
1999-06-30,1.6,1.01,-1.48,0.018
1999-07-01,0.55,-0.85,-0.2,0.018
1999-07-02,0.73,-0.03,-0.48,0.018
1999-07-06,-0.08,0.06,0.14,0.018
1999-07-07,0.22,-0.57,-0.19,0.018
1999-07-08,0.03,0.68,-0.54,0.018
1999-07-09,0.54,0.53,-0.43,0.018
1999-07-12,-0.24,0.53,0.19,0.018
1999-07-13,-0.39,0.33,-0.02,0.018
1999-07-14,0.46,0.44,-0.65,0.018
1999-07-15,0.83,0.26,-0.64,0.018
1999-07-16,0.48,-0.44,-0.07,0.018
1999-07-19,-0.82,0.06,0.62,0.018
1999-07-20,-2.22,0.13,1.07,0.018
1999-07-21,0.27,0.2,-0.55,0.018
1999-07-22,-1.33,0.05,0.94,0.018
1999-07-23,-0.32,-0.23,0.02,0.018
1999-07-26,-1.02,-0.59,0.82,0.018
1999-07-27,1.12,-0.36,-0.74,0.018
1999-07-28,0.15,0.31,-0.44,0.018
1999-07-29,-1.75,0.71,0.48,0.018
1999-07-30,-0.72,1.55,-0.19,0.018
1999-08-02,-0.27,-0.54,0.52,0.018
1999-08-03,-0.79,-0.75,0.5,0.018
1999-08-04,-1.45,-0.46,1.25,0.018
1999-08-05,0.63,-0.66,-0.45,0.018
1999-08-06,-1,0.82,0.14,0.018
1999-08-09,-0.41,-0.5,0.85,0.018
1999-08-10,-1.16,0.37,0.05,0.018
1999-08-11,1.63,-0.64,-0.23,0.018
1999-08-12,-0.14,0.3,0.11,0.018
1999-08-13,2.21,-0.95,-0.97,0.018
1999-08-16,0.26,0,-0.53,0.018
1999-08-17,0.97,-0.61,-0.29,0.018
1999-08-18,-0.75,0.38,-0.21,0.018
1999-08-19,-0.78,0.63,0.68,0.018
1999-08-20,0.89,-0.31,-0.44,0.018
1999-08-23,1.76,-0.95,-0.88,0.018
1999-08-24,0.18,-0.02,-0.37,0.018
1999-08-25,1.21,-0.14,-1.49,0.018
1999-08-26,-1.18,0.89,0.27,0.018
1999-08-27,-0.99,0.46,0.39,0.018
1999-08-30,-1.78,1.03,-0.08,0.018
1999-08-31,-0.17,0.27,-0.13,0.018
1999-09-01,0.76,-0.2,-0.12,0.018
1999-09-02,-0.86,0.37,0.11,0.018
1999-09-03,2.84,-0.94,-1.24,0.018
1999-09-07,-0.34,0.95,-0.05,0.018
1999-09-08,-0.55,0.2,0.31,0.018
1999-09-09,0.31,0.15,0.05,0.018
1999-09-10,0.44,0.46,-0.48,0.018
1999-09-13,-0.64,0.17,0.32,0.018
1999-09-14,-0.52,0.3,-0.26,0.018
1999-09-15,-1.28,0.62,0.79,0.018
1999-09-16,-0.2,-0.87,0.04,0.018
1999-09-17,1.22,-0.18,-0.81,0.018
1999-09-20,0,0.06,-0.61,0.018
1999-09-21,-1.93,0.69,0.08,0.018
1999-09-22,0.29,0.09,-0.74,0.018
1999-09-23,-2.35,0.5,0.84,0.018
1999-09-24,-0.19,-0.43,-0.33,0.018
1999-09-27,0.42,0.57,-0.37,0.018
1999-09-28,-0.23,-0.01,-0.83,0.018
1999-09-29,-0.8,0.6,0.56,0.018
1999-09-30,0.92,0.35,-0.89,0.018
1999-10-01,-0.16,-0.1,-0.26,0.018
1999-10-04,1.66,-1.36,-0.26,0.018
1999-10-05,-0.09,-0.13,-0.21,0.018
1999-10-06,1.82,-1.12,-0.58,0.018
1999-10-07,-0.47,0.31,-0.14,0.018
1999-10-08,1.09,-0.88,-0.45,0.018
1999-10-11,0.21,0.36,-0.11,0.018
1999-10-12,-1.72,0.41,0.55,0.018
1999-10-13,-2.04,0.41,1.04,0.018
1999-10-14,-0.02,-0.26,0,0.018
1999-10-15,-2.65,1.7,0.28,0.018
1999-10-18,0.09,-1.51,0.16,0.018
1999-10-19,0.76,-0.14,-0.82,0.018
1999-10-20,1.86,-0.61,-1.31,0.018
1999-10-21,-0.16,0.22,-0.22,0.018
1999-10-22,1.31,-1.04,0.55,0.018
1999-10-25,-0.43,0.31,0.05,0.018
1999-10-26,-0.85,0.75,-0.05,0.018
1999-10-27,0.89,-1.2,0.13,0.018
1999-10-28,3.32,-2.11,-0.82,0.018
1999-10-29,1.73,-1.02,-0.36,0.018
1999-11-01,-0.38,1.25,-0.49,0.017
1999-11-02,-0.33,0.21,0.45,0.017
1999-11-03,0.69,1.08,-0.7,0.017
1999-11-04,0.66,-0.11,-0.55,0.017
1999-11-05,0.79,-0.34,-0.36,0.017
1999-11-08,0.59,0.46,-0.66,0.017
1999-11-09,-0.78,1.19,0.13,0.017
1999-11-10,0.53,0.44,-0.59,0.017
1999-11-11,0.37,0.12,-0.68,0.017
1999-11-12,1.1,-0.91,0.11,0.017
1999-11-15,0.03,0.62,0.47,0.017
1999-11-16,1.84,-0.79,-0.69,0.017
1999-11-17,-0.63,1.01,0,0.017
1999-11-18,1.13,0.77,-1.44,0.017
1999-11-19,-0.11,0.35,-0.5,0.017
1999-11-22,0.02,0.22,-0.92,0.017
1999-11-23,-1.29,0.08,0.3,0.017
1999-11-24,0.87,0.08,-0.89,0.017
1999-11-26,0.23,0.92,-0.2,0.017
1999-11-29,-0.6,0.57,-0.14,0.017
1999-11-30,-1.28,-0.18,1.28,0.017
1999-12-01,0.49,-0.15,-0.3,0.02
1999-12-02,1.15,0.53,-1.01,0.02
1999-12-03,1.59,-1.06,-0.52,0.02
1999-12-06,-0.42,0.88,-0.55,0.02
1999-12-07,-0.43,1.06,-1.16,0.02
1999-12-08,-0.08,0.95,-0.45,0.02
1999-12-09,0.3,-0.23,-0.56,0.02
1999-12-10,0.51,0.58,-0.69,0.02
1999-12-13,0.05,1.13,-0.65,0.02
1999-12-14,-1.33,-0.51,1.27,0.02
1999-12-15,0.54,-1.01,0.13,0.02
1999-12-16,0.61,0.54,-0.73,0.02
1999-12-17,0.27,0,-0.23,0.02
1999-12-20,-0.08,0.65,-0.68,0.02
1999-12-21,1.44,0.21,-0.77,0.02
1999-12-22,0.33,0.02,-0.19,0.02
1999-12-23,1.3,-0.46,-0.33,0.02
1999-12-27,-0.21,0.77,-0.73,0.02
1999-12-28,0.21,0.25,0.15,0.02
1999-12-29,0.64,0.98,-0.1,0.02
1999-12-30,0.08,0.01,-0.1,0.02
1999-12-31,0.52,1.36,0.29,0.02
2000-01-03,-0.71,0.38,-0.85,0.021
2000-01-04,-4.06,-0.04,2.21,0.021
2000-01-05,-0.09,0.18,0.14,0.021
2000-01-06,-0.73,-0.67,1.38,0.021
2000-01-07,3.21,-0.59,-1.24,0.021
2000-01-10,1.76,1,-1.51,0.021
2000-01-11,-1.71,0.2,0.93,0.021
2000-01-12,-0.69,-0.53,0.91,0.021
2000-01-13,1.59,1,-1.31,0.021
2000-01-14,1.15,0.09,-0.19,0.021
2000-01-18,-0.26,2.55,-0.47,0.021
2000-01-19,0.44,0.92,-0.51,0.021
2000-01-20,-0.37,1.92,-1.15,0.021
2000-01-21,0.23,1.41,-0.46,0.021
2000-01-24,-2.59,1.11,0.83,0.021
2000-01-25,0.49,-0.24,-0.46,0.021
2000-01-26,-0.44,-0.24,0.3,0.021
2000-01-27,-0.44,-0.4,-0.09,0.021
2000-01-28,-2.82,-0.1,1.36,0.021
2000-01-31,1.5,-2.9,-0.37,0.021
2000-02-01,1.29,-0.13,0.15,0.022
2000-02-02,0.16,1.73,-0.54,0.022
2000-02-03,1.49,1.35,-1.37,0.022
2000-02-04,-0.05,1.15,-0.58,0.022
2000-02-07,0.35,1.6,-1.24,0.022
2000-02-08,1.23,0.69,-1.79,0.022
2000-02-09,-1.83,1.8,-0.07,0.022
2000-02-10,0.57,1.59,-1.15,0.022
2000-02-11,-1.74,1.1,0.61,0.022
2000-02-14,0.24,0.62,0.18,0.022
2000-02-15,0.7,-0.65,0.01,0.022
2000-02-16,-0.58,1.84,-0.33,0.022
2000-02-17,0.46,1.99,-1.13,0.022
2000-02-18,-2.69,1.18,0.58,0.022
2000-02-22,0.11,-1.05,0.36,0.022
2000-02-23,1.24,0.91,-1.63,0.022
2000-02-24,0.01,1.02,-0.36,0.022
2000-02-25,-1.04,1.64,0.16,0.022
2000-02-28,0.76,-0.19,-0.11,0.022
2000-02-29,1.96,1.95,-0.68,0.022
2000-03-01,1.39,1.06,-0.61,0.02
2000-03-02,-0.09,0.06,0.28,0.02
2000-03-03,2.3,-0.05,-0.97,0.02
2000-03-06,-0.77,1.72,0.25,0.02
2000-03-07,-2.2,0.84,0.38,0.02
2000-03-08,0.69,-0.56,-0.26,0.02
2000-03-09,2.45,-0.31,-0.56,0.02
2000-03-10,-0.43,0.24,0.26,0.02
2000-03-13,-1.48,-1.14,1.1,0.02
2000-03-14,-2.33,-1.23,1.23,0.02
2000-03-15,0.83,-5.09,1.5,0.02
2000-03-16,4.25,-3.76,0.37,0.02
2000-03-17,0.62,0.72,-0.69,0.02
2000-03-20,-1.71,-2.66,2.11,0.02
2000-03-21,1.95,-2.28,-0.39,0.02
2000-03-22,1.31,2.43,-1.29,0.02
2000-03-23,1.48,-1.08,0.38,0.02
2000-03-24,0.11,-0.29,-0.04,0.02
2000-03-27,-0.39,0.32,-0.42,0.02
2000-03-28,-1.34,-1.21,0.92,0.02
2000-03-29,-1,-2.41,1.9,0.02
2000-03-30,-1.76,-2.07,1.67,0.02
2000-03-31,1.19,0.28,0.01,0.02
2000-04-03,-1.67,-4.06,2.16,0.024
2000-04-04,-1.2,-1.76,0.26,0.024
2000-04-05,0.01,1.36,-0.74,0.024
2000-04-06,1.47,1.44,-0.43,0.024
2000-04-07,1.42,1.85,-0.69,0.024
2000-04-10,-1.95,-3.52,2.18,0.024
2000-04-11,-1.01,-2.44,2.18,0.024
2000-04-12,-2.97,-2.86,2.85,0.024
2000-04-13,-1.8,-0.3,0.95,0.024
2000-04-14,-6.72,-1.28,2.07,0.024
2000-04-17,2.94,-1.61,-1.56,0.024
2000-04-18,3.84,3.29,-2.4,0.024
2000-04-19,-0.8,1.49,0.11,0.024
2000-04-20,0.09,-1.14,1.04,0.024
2000-04-24,-1.01,-2.34,1.14,0.024
2000-04-25,3.74,0.44,-1.06,0.024
2000-04-26,-1.23,0.28,1.33,0.024
2000-04-27,0.76,1.46,-0.77,0.024
2000-04-28,0.07,2.28,0.01,0.024
2000-05-01,1.4,1.18,-1.21,0.023
2000-05-02,-2.07,-1.26,1.93,0.023
2000-05-03,-2.09,0.35,-0.46,0.023
2000-05-04,0,0.88,-0.08,0.023
2000-05-05,1.48,0.79,-0.67,0.023
2000-05-08,-0.98,-1.63,1.47,0.023
2000-05-09,-1.19,-0.97,0.9,0.023
2000-05-10,-2.7,-1.07,0.87,0.023
2000-05-11,2.08,0.33,-0.23,0.023
2000-05-12,0.81,-0.66,0.51,0.023
2000-05-15,2.13,-0.78,-0.79,0.023
2000-05-16,1.3,0.33,-0.63,0.023
2000-05-17,-1.38,0.2,0.73,0.023
2000-05-18,-1.09,-1.28,1.06,0.023
2000-05-19,-2.39,-0.24,0.88,0.023
2000-05-22,-0.73,-1.02,-0.3,0.023
2000-05-23,-2.38,-0.89,1.39,0.023
2000-05-24,1.55,-1.17,-1.27,0.023
2000-05-25,-1.29,0.51,0.11,0.023
2000-05-26,-0.18,0.24,-0.05,0.023
2000-05-30,3.82,0.76,-2.25,0.023
2000-05-31,-0.22,0.05,0.54,0.023
2000-06-01,2.5,0.84,-1.64,0.018
2000-06-02,2.91,1.7,-2.45,0.018
2000-06-05,-0.37,1.32,-0.57,0.018
2000-06-06,-0.87,0.7,0.18,0.018
2000-06-07,1.16,0.27,-0.76,0.018
2000-06-08,-0.6,0.71,0.17,0.018
2000-06-09,0.04,1.52,-0.07,0.018
2000-06-12,-1.19,-0.87,1.28,0.018
2000-06-13,1.45,-0.16,-0.99,0.018
2000-06-14,-0.16,-0.33,0.35,0.018
2000-06-15,0.5,0.34,-1.23,0.018
2000-06-16,-0.74,1.35,-0.19,0.018
2000-06-19,1.66,0.16,-1.28,0.018
2000-06-20,-0.25,0.98,-0.51,0.018
2000-06-21,0.36,0.68,-0.49,0.018
2000-06-22,-1.88,0.1,0.43,0.018
2000-06-23,-0.99,-0.37,1.05,0.018
2000-06-26,0.92,1.35,-1.37,0.018
2000-06-27,-0.55,-0.61,0.77,0.018
2000-06-28,0.77,1.87,-1.2,0.018
2000-06-29,-0.67,0.07,0.62,0.018
2000-06-30,0.74,1.89,-1.56,0.018
2000-07-03,0.91,-0.67,0.83,0.024
2000-07-05,-1.6,-0.12,1.85,0.024
2000-07-06,0.87,0.01,-0.15,0.024
2000-07-07,1.46,-0.76,-0.81,0.024
2000-07-10,-0.13,0.13,0.59,0.024
2000-07-11,0.12,-0.24,0.1,0.024
2000-07-12,1.31,0.37,-0.64,0.024
2000-07-13,0.51,0.27,-0.57,0.024
2000-07-14,0.94,-0.43,-0.41,0.024
2000-07-17,0.1,1.1,-1.33,0.024
2000-07-18,-1.35,0.13,1.19,0.024
2000-07-19,-1.19,-0.36,1.25,0.024
2000-07-20,1.33,-0.23,-0.8,0.024
2000-07-21,-1.3,-0.46,1.1,0.024
2000-07-24,-1.44,-0.41,0.87,0.024
2000-07-25,0.51,-0.69,0.23,0.024
2000-07-26,-1.33,0.83,0.94,0.024
2000-07-27,-0.9,-1.75,2.48,0.024
2000-07-28,-2.33,-0.23,1.72,0.024
2000-07-31,1.03,0.75,-0.45,0.024
2000-08-01,0.16,-1.33,1.54,0.022
2000-08-02,0.02,0.08,0.21,0.022
2000-08-03,1.11,-1.37,-0.01,0.022
2000-08-04,0.89,-0.74,0.23,0.022
2000-08-07,1.16,0.13,-0.73,0.022
2000-08-08,0.1,-0.53,1.08,0.022
2000-08-09,-0.6,0.5,0.06,0.022
2000-08-10,-1.03,-0.51,1.18,0.022
2000-08-11,0.86,0.13,0.26,0.022
2000-08-14,1.24,-0.06,-0.4,0.022
2000-08-15,-0.46,0,0.05,0.022
2000-08-16,-0.18,0.66,-0.2,0.022
2000-08-17,1.12,-0.34,-0.6,0.022
2000-08-18,-0.28,0.06,0.03,0.022
2000-08-21,0.4,-0.07,-0.49,0.022
2000-08-22,-0.01,0,0.09,0.022
2000-08-23,0.55,0.19,-1.02,0.022
2000-08-24,0.34,0.47,-0.47,0.022
2000-08-25,-0.04,0.68,-0.46,0.022
2000-08-28,0.49,-0.36,-0.11,0.022
2000-08-29,-0.03,0.69,-0.24,0.022
2000-08-30,-0.11,0.45,-0.01,0.022
2000-08-31,1.19,0.16,-0.65,0.022
2000-09-01,0.38,0.15,-0.35,0.025
2000-09-05,-0.97,-0.23,1.32,0.025
2000-09-06,-1.23,-0.33,2,0.025
2000-09-07,0.8,0.59,-0.72,0.025
2000-09-08,-0.83,-0.65,0.9,0.025
2000-09-11,-0.45,-0.77,1.43,0.025
2000-09-12,-0.5,0.41,-0.08,0.025
2000-09-13,0.29,-0.18,-0.15,0.025
2000-09-14,0.01,0.92,-0.37,0.025
2000-09-15,-1.23,-0.11,0.98,0.025
2000-09-18,-1.8,-0.34,0.55,0.025
2000-09-19,1.24,0.43,-1.53,0.025
2000-09-20,-0.39,0.61,-0.59,0.025
2000-09-21,-0.54,-0.69,1.08,0.025
2000-09-22,0.4,-0.52,-0.15,0.025
2000-09-25,-0.56,-0.24,0.45,0.025
2000-09-26,-0.96,-0.62,1.12,0.025
2000-09-27,-0.21,-0.62,0.33,0.025
2000-09-28,2.32,0.14,-1.21,0.025
2000-09-29,-1.26,0.7,1.25,0.025
2000-10-02,-0.7,-1.59,1.47,0.025
2000-10-03,-1.29,0.13,1.05,0.025
2000-10-04,0.64,0.04,-0.64,0.025
2000-10-05,-0.23,-0.11,0.08,0.025
2000-10-06,-2.17,-0.12,1.58,0.025
2000-10-09,-0.39,-0.28,0.51,0.025
2000-10-10,-1.44,0.02,0.69,0.025
2000-10-11,-1.77,-0.01,0.85,0.025
2000-10-12,-2.83,0.69,1.21,0.025
2000-10-13,3.88,-0.55,-2.36,0.025
2000-10-16,0.24,-0.19,-0.47,0.025
2000-10-17,-1.95,0.16,0.59,0.025
2000-10-18,-0.84,-0.26,0.6,0.025
2000-10-19,3.66,-0.62,-2.13,0.025
2000-10-20,0.92,0.39,-1.01,0.025
2000-10-23,0.03,0.7,-0.67,0.025
2000-10-24,-0.12,-0.9,1.16,0.025
2000-10-25,-2.52,-0.14,1.88,0.025
2000-10-26,0,0.89,-0.33,0.025
2000-10-27,0.91,-1.2,1.25,0.025
2000-10-30,0.74,-1.55,1.82,0.025
2000-10-31,2.75,0.59,-1.65,0.025
2000-11-01,-0.48,-0.23,0.49,0.024
2000-11-02,1.05,1.36,-1.28,0.024
2000-11-03,-0.03,1.14,-1.21,0.024
2000-11-06,0.13,-0.97,0.53,0.024
2000-11-07,-0.08,0.45,-0.33,0.024
2000-11-08,-1.97,0.19,2.16,0.024
2000-11-09,-0.96,-0.35,0.8,0.024
2000-11-10,-2.69,-0.42,2.31,0.024
2000-11-13,-1.39,-0.19,1.71,0.024
2000-11-14,2.66,-0.06,-1.84,0.024
2000-11-15,0.6,0.05,0.07,0.024
2000-11-16,-1.67,-0.61,1.62,0.024
2000-11-17,-0.52,0.78,0.44,0.024
2000-11-20,-2.46,-0.16,1.38,0.024
2000-11-21,-0.05,-0.85,0.72,0.024
2000-11-22,-2.12,-0.22,1.96,0.024
2000-11-24,2.08,0.83,-2.02,0.024
2000-11-27,0.3,-0.2,-0.64,0.024
2000-11-28,-1.67,-1.09,2.51,0.024
2000-11-29,0.18,-1.71,1.05,0.024
2000-11-30,-2.03,-0.68,1.49,0.024
2000-12-01,0.51,1.59,-0.68,0.025
2000-12-04,0.35,-1.58,0.92,0.025
2000-12-05,4.55,0,-2.87,0.025
2000-12-06,-1.78,0.07,1.09,0.025
2000-12-07,-0.59,0.1,0.43,0.025
2000-12-08,2.79,0.64,-1.42,0.025
2000-12-11,1.15,0.22,-0.95,0.025
2000-12-12,-1.07,-0.55,0.54,0.025
2000-12-13,-1.14,-0.25,1.12,0.025
2000-12-14,-1.8,0.14,1.04,0.025
2000-12-15,-1.96,0.3,1.63,0.025
2000-12-18,0.6,-0.63,1.31,0.025
2000-12-19,-1.63,-0.43,2.11,0.025
2000-12-20,-3.59,-0.94,3.03,0.025
2000-12-21,0.54,-0.18,0.31,0.025
2000-12-22,3.06,0.72,-2.1,0.025
2000-12-26,0.55,-0.45,0.75,0.025
2000-12-27,1.36,0.75,-0.31,0.025
2000-12-28,0.88,1.79,-0.68,0.025
2000-12-29,-1.23,-0.22,1.43,0.025
2001-01-02,-3.52,-0.29,1.96,0.026
2001-01-03,5.39,0.58,-4.11,0.026
2001-01-04,-1.3,0.71,0.24,0.026
2001-01-05,-2.98,0.29,2.18,0.026
2001-01-08,-0.36,-0.52,0.95,0.026
2001-01-09,0.51,0.49,-0.23,0.026
2001-01-10,1.44,0.81,-1.3,0.026
2001-01-11,1.39,1.63,-2.84,0.026
2001-01-12,-0.4,1.23,-0.56,0.026
2001-01-16,0.68,1.07,-0.22,0.026
2001-01-17,0.37,0.17,-0.83,0.026
2001-01-18,1.16,-0.09,-1.38,0.026
2001-01-19,-0.55,-0.17,-0.27,0.026
2001-01-22,-0.01,-0.45,1.1,0.026
2001-01-23,1.57,0.46,-0.42,0.026
2001-01-24,0.34,-0.4,-0.35,0.026
2001-01-25,-0.81,-0.68,1.59,0.026
2001-01-26,-0.11,0.32,-0.22,0.026
2001-01-29,0.9,0.66,-0.31,0.026
2001-01-30,0.63,-0.11,-0.2,0.026
2001-01-31,-0.72,0.42,0.28,0.026
2001-02-01,0.39,-0.27,0.82,0.02
2001-02-02,-1.9,-0.31,2.21,0.02
2001-02-05,0.17,-0.5,1.04,0.02
2001-02-06,0.04,1.06,-0.49,0.02
2001-02-07,-0.86,0.82,1.17,0.02
2001-02-08,-0.67,-0.31,0.79,0.02
2001-02-09,-1.42,-0.13,1.18,0.02
2001-02-12,1.1,0.15,0.05,0.02
2001-02-13,-0.9,0.16,1.01,0.02
2001-02-14,-0.04,0.45,-0.41,0.02
2001-02-15,0.93,0.3,-0.86,0.02
2001-02-16,-1.93,-0.59,1.87,0.02
2001-02-20,-1.93,0.19,1.4,0.02
2001-02-21,-1.84,0.07,0.92,0.02
2001-02-22,-0.48,-1.04,0.59,0.02
2001-02-23,-0.38,0.34,-0.35,0.02
2001-02-26,1.91,-0.35,0.02,0.02
2001-02-27,-1.17,-1.21,1.64,0.02
2001-02-28,-1.48,0.44,0.81,0.02
2001-03-01,0.02,-0.19,-0.07,0.019
2001-03-02,-0.53,0.4,1.15,0.019
2001-03-05,0.54,-0.68,0.18,0.019
2001-03-06,1.06,0.3,-1.03,0.019
2001-03-07,0.58,-0.09,0.65,0.019
2001-03-08,-0.14,-0.71,0.99,0.019
2001-03-09,-2.5,0.22,2.01,0.019
2001-03-12,-4.34,0.6,2.38,0.019
2001-03-13,1.61,-0.18,-1.48,0.019
2001-03-14,-2.5,0.79,0.1,0.019
2001-03-15,0.34,-0.64,0.3,0.019
2001-03-16,-2.11,-0.37,1.27,0.019
2001-03-19,1.86,-0.16,-1.15,0.019
2001-03-20,-2.4,0.68,1.33,0.019
2001-03-21,-1.88,-0.07,0.67,0.019
2001-03-22,-0.43,0.34,-1.4,0.019
2001-03-23,2.08,0.09,-1.21,0.019
2001-03-26,1.09,-1.03,0.61,0.019
2001-03-27,2.4,-0.49,-1.54,0.019
2001-03-28,-2.58,0.01,1.87,0.019
2001-03-29,-0.53,-0.17,1.51,0.019
2001-03-30,1.19,1.66,-0.61,0.019
2001-04-02,-1.6,-1.68,1.48,0.02
2001-04-03,-3.69,0.07,2.03,0.02
2001-04-04,-0.39,-0.28,0.82,0.02
2001-04-05,4.68,0.21,-3.28,0.02
2001-04-06,-2.07,0.37,0.21,0.02
2001-04-09,0.87,0.25,-0.13,0.02
2001-04-10,2.87,-0.35,-1.36,0.02
2001-04-11,-0.1,-0.16,-0.65,0.02
2001-04-12,1.57,0.25,-1.31,0.02
2001-04-16,-0.47,-0.35,0.66,0.02
2001-04-17,1.1,0.15,-0.22,0.02
2001-04-18,3.92,-1.51,-2.52,0.02
2001-04-19,1.48,0.33,-1.37,0.02
2001-04-20,-0.87,0.1,0.16,0.02
2001-04-23,-1.72,0.35,1.21,0.02
2001-04-24,-1.15,1.08,1,0.02
2001-04-25,1.68,0.77,-0.9,0.02
2001-04-26,0.45,0.26,0.26,0.02
2001-04-27,1.47,-0.09,-0.44,0.02
2001-04-30,0.03,0.74,-0.51,0.02
2001-05-01,1.37,0.04,-0.72,0.015
2001-05-02,0.33,0.5,-0.94,0.015
2001-05-03,-1.58,0.26,0.91,0.015
2001-05-04,1.45,-0.15,0.01,0.015
2001-05-07,-0.34,-0.07,0.23,0.015
2001-05-08,-0.09,0.6,0.17,0.015
2001-05-09,-0.49,0.09,0.46,0.015
2001-05-10,-0.1,0.09,0.59,0.015
2001-05-11,-0.74,0.21,0.76,0.015
2001-05-14,0.11,-0.27,0.67,0.015
2001-05-15,0.06,0.48,0.18,0.015
2001-05-16,2.78,-1.11,-1.15,0.015
2001-05-17,0.52,0.76,-0.41,0.015
2001-05-18,0.22,0.17,-0.01,0.015
2001-05-21,1.87,0.17,-1.41,0.015
2001-05-22,-0.15,0.31,0.24,0.015
2001-05-23,-1.71,-0.08,0.73,0.015
2001-05-24,0.41,0.47,-0.44,0.015
2001-05-25,-1.04,0.81,0.33,0.015
2001-05-29,-1.06,-0.34,1.22,0.015
2001-05-30,-1.74,-0.22,1.72,0.015
2001-05-31,0.73,-0.28,-0.17,0.015
2001-06-01,0.54,0.73,-0.31,0.013
2001-06-04,0.49,0.68,-0.19,0.013
2001-06-05,1.45,0.39,-1.18,0.013
2001-06-06,-0.97,0.04,0.13,0.013
2001-06-07,0.54,0.23,-1.11,0.013
2001-06-08,-0.99,0.07,0.65,0.013
2001-06-11,-0.98,0.04,0.74,0.013
2001-06-12,0.02,-0.12,0.08,0.013
2001-06-13,-1.06,0.56,0.73,0.013
2001-06-14,-1.96,0.01,0.78,0.013
2001-06-15,-0.46,0,0.39,0.013
2001-06-18,-0.63,-0.96,1.08,0.013
2001-06-19,0.21,-0.56,0.03,0.013
2001-06-20,1.07,0.3,-0.55,0.013
2001-06-21,0.98,-0.26,-0.12,0.013
2001-06-22,-1,-0.3,-0.01,0.013
2001-06-25,-0.54,0.42,-0.34,0.013
2001-06-26,-0.04,1.42,-0.17,0.013
2001-06-27,-0.22,0.86,-0.05,0.013
2001-06-28,1.31,0.06,-0.86,0.013
2001-06-29,0.35,2.47,-0.88,0.013
2001-07-02,0.56,-3.32,1.31,0.014
2001-07-03,-0.21,-0.03,0.13,0.014
2001-07-05,-1.24,0.23,0.47,0.014
2001-07-06,-2.29,0.36,0.95,0.014
2001-07-09,0.59,-0.31,0.77,0.014
2001-07-10,-1.49,-0.8,2.15,0.014
2001-07-11,-0.18,-0.48,0.28,0.014
2001-07-12,2.44,0.19,-0.86,0.014
2001-07-13,0.54,0.26,-0.49,0.014
2001-07-16,-1.16,-0.21,1.19,0.014
2001-07-17,1.05,0.47,-0.74,0.014
2001-07-18,-0.69,-0.7,0.58,0.014
2001-07-19,0.51,0.65,-0.71,0.014
2001-07-20,-0.33,0.71,-0.16,0.014
2001-07-23,-1.55,0.62,0.34,0.014
2001-07-24,-1.7,0.09,0.15,0.014
2001-07-25,1.37,-1.03,-0.09,0.014
2001-07-26,1.19,-0.37,0.08,0.014
2001-07-27,0.26,-0.39,0.06,0.014
2001-07-30,-0.12,0.04,0.18,0.014
2001-07-31,0.5,-0.5,0.13,0.014
2001-08-01,0.48,0.38,-0.08,0.013
2001-08-02,0.33,-0.29,0.06,0.013
2001-08-03,-0.49,0.2,0.1,0.013
2001-08-06,-1.16,-0.21,0.81,0.013
2001-08-07,0.21,-0.38,0.18,0.013
2001-08-08,-1.72,0.08,0.78,0.013
2001-08-09,-0.06,0.41,-0.52,0.013
2001-08-10,0.44,-0.4,0.11,0.013
2001-08-13,0.23,0.18,-0.14,0.013
2001-08-14,-0.3,0.51,0.45,0.013
2001-08-15,-0.75,0.52,0.15,0.013
2001-08-16,0.21,-0.01,0.25,0.013
2001-08-17,-1.63,0.54,0.36,0.013
2001-08-20,0.71,0.04,-0.57,0.013
2001-08-21,-1.22,-0.22,0.78,0.013
2001-08-22,0.71,0.33,-0.68,0.013
2001-08-23,-0.31,-0.29,-0.1,0.013
2001-08-24,1.84,-0.12,-0.82,0.013
2001-08-27,-0.42,0.33,-0.47,0.013
2001-08-28,-1.46,0.18,0.88,0.013
2001-08-29,-0.98,0.87,0.09,0.013
2001-08-30,-1.6,0.32,0.63,0.013
2001-08-31,0.42,-0.38,0.29,0.013
2001-09-04,-0.12,-0.39,0.65,0.018
2001-09-05,-0.32,-0.65,0.54,0.018
2001-09-06,-2.13,0.28,0.44,0.018
2001-09-07,-1.83,0.38,-0.52,0.018
2001-09-10,0.37,-1.08,-0.49,0.018
2001-09-17,-5.03,0.25,-0.8,0.018
2001-09-18,-0.82,-1.45,1.19,0.018
2001-09-19,-1.67,-0.79,0,0.018
2001-09-20,-3.05,-0.82,-0.1,0.018
2001-09-21,-1.96,-0.39,-0.58,0.018
2001-09-24,3.82,-0.08,-0.29,0.018
2001-09-25,0.74,-0.61,0.75,0.018
2001-09-26,-0.67,-0.82,0.24,0.018
2001-09-27,1.1,-1.06,0.4,0.018
2001-09-28,2.25,0.41,0.52,0.018
2001-10-01,-0.45,-1.03,-0.18,0.01
2001-10-02,1.17,-0.34,-0.28,0.01
2001-10-03,2.28,0.53,-1.1,0.01
2001-10-04,-0.12,1.52,-0.75,0.01
2001-10-05,0.04,0.23,-1.22,0.01
2001-10-08,-0.8,0.29,0.39,0.01
2001-10-09,-0.51,-0.35,0.02,0.01
2001-10-10,2.35,0.31,-0.56,0.01
2001-10-11,1.73,0.24,-0.38,0.01
2001-10-12,-0.57,0.46,-0.4,0.01
2001-10-15,-0.09,0.54,-0.26,0.01
2001-10-16,0.78,0.46,-0.69,0.01
2001-10-17,-2.02,0.21,0.16,0.01
2001-10-18,-0.73,0.35,-0.19,0.01
2001-10-19,0.54,0.69,-0.75,0.01
2001-10-22,1.51,-0.39,-0.47,0.01
2001-10-23,-0.51,0.04,-0.16,0.01
2001-10-24,0.08,0.54,-1.11,0.01
2001-10-25,1.42,0.7,-1.34,0.01
2001-10-26,0.41,0.29,0.1,0.01
2001-10-29,-2.33,0.38,0.81,0.01
2001-10-30,-1.76,0.4,0.67,0.01
2001-10-31,0.18,1.36,-0.25,0.01
2001-11-01,2.1,-0.56,-0.72,0.008
2001-11-02,0.18,-0.82,0.48,0.008
2001-11-05,1.42,-0.6,-0.32,0.008
2001-11-06,1.44,-0.39,-0.04,0.008
2001-11-07,-0.23,0.06,-0.35,0.008
2001-11-08,0.07,-0.4,0.49,0.008
2001-11-09,0.07,0,-0.13,0.008
2001-11-12,-0.07,0.77,-0.43,0.008
2001-11-13,1.86,-0.41,-0.01,0.008
2001-11-14,0.34,0.44,0.54,0.008
2001-11-15,0,-1.08,1.37,0.008
2001-11-16,-0.25,0.52,0.49,0.008
2001-11-19,1.15,0.22,-0.34,0.008
2001-11-20,-0.8,0.1,0.15,0.008
2001-11-21,-0.48,0.41,-0.29,0.008
2001-11-23,1.17,0,0,0.008
2001-11-26,0.72,-0.14,-0.16,0.008
2001-11-27,-0.55,0.58,0.23,0.008
2001-11-28,-1.78,0.12,1.02,0.008
2001-11-29,1.15,0.97,-0.48,0.008
2001-11-30,-0.14,-0.2,0.28,0.008
2001-12-03,-0.86,-0.07,0.32,0.007
2001-12-04,1.44,0.69,-0.4,0.007
2001-12-05,2.31,0.07,-0.62,0.007
2001-12-06,-0.12,0.21,0.78,0.007
2001-12-07,-0.74,0.76,0.03,0.007
2001-12-10,-1.52,0.67,-0.36,0.007
2001-12-11,-0.2,0.45,-0.13,0.007
2001-12-12,0.04,0.16,-0.04,0.007
2001-12-13,-1.51,0.41,0.23,0.007
2001-12-14,0.31,0.35,0.5,0.007
2001-12-17,1.05,0.23,0.1,0.007
2001-12-18,0.84,0.43,-0.72,0.007
2001-12-19,0.43,-0.74,-0.36,0.007
2001-12-20,-0.93,-1.22,1.26,0.007
2001-12-21,0.57,1.31,0.12,0.007
2001-12-24,0.02,0.28,0.06,0.007
2001-12-26,0.5,0.53,-0.28,0.007
2001-12-27,0.69,0.03,-0.37,0.007
2001-12-28,0.41,-0.36,0.12,0.007
2001-12-31,-1.04,0.22,0.79,0.007
2002-01-02,0.42,-0.61,0.13,0.007
2002-01-03,0.99,0.88,-0.54,0.007
2002-01-04,0.7,0.13,0.31,0.007
2002-01-07,-0.7,-0.44,0.87,0.007
2002-01-08,-0.23,1.16,0.24,0.007
2002-01-09,-0.45,0.19,-0.15,0.007
2002-01-10,0.08,-0.08,0.26,0.007
2002-01-11,-0.86,-0.08,0.29,0.007
2002-01-14,-0.85,-0.57,-0.05,0.007
2002-01-15,0.67,-0.47,0.2,0.007
2002-01-16,-1.62,0.12,0.59,0.007
2002-01-17,1.06,0.38,-0.63,0.007
2002-01-18,-1.08,-0.56,0.88,0.007
2002-01-22,-0.81,-0.22,0.09,0.007
2002-01-23,0.92,0.69,-0.16,0.007
2002-01-24,0.4,-0.3,0.32,0.007
2002-01-25,0.09,-0.24,0.38,0.007
2002-01-28,0.05,0.12,0.62,0.007
2002-01-29,-2.54,1.37,0.22,0.007
2002-01-30,1.05,0.28,-0.75,0.007
2002-01-31,1.35,-0.59,0.21,0.007
2002-02-01,-0.71,0.37,-0.31,0.007
2002-02-04,-2.37,0.73,0.16,0.007
2002-02-05,-0.35,0.29,-0.43,0.007
2002-02-06,-0.78,-0.37,-0.11,0.007
2002-02-07,-0.41,-1.17,0.99,0.007
2002-02-08,1.59,-0.29,0.32,0.007
2002-02-11,1.33,-0.25,-0.48,0.007
2002-02-12,-0.28,0.68,-0.49,0.007
2002-02-13,0.99,-0.02,-0.12,0.007
2002-02-14,-0.24,-0.59,-0.16,0.007
2002-02-15,-1.12,0.9,0.15,0.007
2002-02-19,-1.94,0.27,0.52,0.007
2002-02-20,1.33,-0.35,0.39,0.007
2002-02-21,-1.52,-0.49,0.7,0.007
2002-02-22,0.75,0.43,0,0.007
2002-02-25,1.66,-1.38,0.43,0.007
2002-02-26,0.11,0.28,0.11,0.007
2002-02-27,0.08,-0.01,0.43,0.007
2002-02-28,-0.31,-0.27,0.53,0.007
2002-03-01,2.22,-0.51,-0.4,0.007
2002-03-04,1.98,-0.42,-0.28,0.007
2002-03-05,-0.54,0.63,-0.02,0.007
2002-03-06,1.39,-0.1,0.3,0.007
2002-03-07,-0.42,0.58,0.14,0.007
2002-03-08,0.72,0.41,-0.12,0.007
2002-03-11,0.29,0.11,-0.04,0.007
2002-03-12,-0.28,0.32,-0.13,0.007
2002-03-13,-0.91,0.52,0.03,0.007
2002-03-14,-0.05,0.43,-0.06,0.007
2002-03-15,1.06,-1.01,0.31,0.007
2002-03-18,0.09,0.65,0.05,0.007
2002-03-19,0.34,0.11,-0.14,0.007
2002-03-20,-1.5,0.45,0.65,0.007
2002-03-21,0.31,1.06,-0.33,0.007
2002-03-22,-0.42,-0.18,0.27,0.007
2002-03-25,-1.45,0.62,-0.02,0.007
2002-03-26,0.6,0.49,-0.12,0.007
2002-03-27,0.55,-0.06,0.64,0.007
2002-03-28,0.29,-0.16,0.31,0.007
2002-04-01,-0.12,-0.08,-0.11,0.007
2002-04-02,-0.92,0.25,0.19,0.007
2002-04-03,-0.98,0.31,0.42,0.007
2002-04-04,0.12,-0.09,0.52,0.007
2002-04-05,-0.26,-0.21,0.83,0.007
2002-04-08,0.35,0.52,0.14,0.007
2002-04-09,-0.6,0.44,0.69,0.007
2002-04-10,1.15,0.67,-0.29,0.007
2002-04-11,-2.22,0.84,0.79,0.007
2002-04-12,0.84,1.04,0.12,0.007
2002-04-15,-0.67,0.46,-0.08,0.007
2002-04-16,2.26,-0.61,0.59,0.007
2002-04-17,-0.24,-0.45,0.3,0.007
2002-04-18,-0.14,0.49,-0.61,0.007
2002-04-19,0.07,-0.25,0.23,0.007
2002-04-22,-1.5,0.85,-0.53,0.007
2002-04-23,-0.52,0.16,0.46,0.007
2002-04-24,-0.66,0.05,0.47,0.007
2002-04-25,-0.11,0.17,0,0.007
2002-04-26,-1.41,-0.01,0.28,0.007
2002-04-29,-0.88,0.92,-0.58,0.007
2002-04-30,1.2,0.55,0.11,0.007
2002-05-01,0.74,-0.97,0.7,0.007
2002-05-02,-0.21,0.54,0.3,0.007
2002-05-03,-0.96,0.59,0.73,0.007
2002-05-06,-1.84,-0.01,0.91,0.007
2002-05-07,-0.36,-0.8,0.81,0.007
2002-05-08,3.57,-0.87,-1.99,0.007
2002-05-09,-1.43,-0.27,0.7,0.007
2002-05-10,-1.64,-0.13,0.5,0.007
2002-05-13,1.75,-0.37,-1.02,0.007
2002-05-14,2.2,0.52,-1.16,0.007
2002-05-15,-0.4,0.31,0.6,0.007
2002-05-16,0.35,-0.77,-0.78,0.007
2002-05-17,0.69,-0.18,-0.44,0.007
2002-05-20,-1.28,-0.18,1.04,0.007
2002-05-21,-1.16,-0.31,0.26,0.007
2002-05-22,0.37,-0.64,-0.13,0.007
2002-05-23,1.05,0.01,-0.07,0.007
2002-05-24,-1.17,-0.35,0.66,0.007
2002-05-28,-0.75,0.69,-0.41,0.007
2002-05-29,-0.67,-0.18,0.22,0.007
2002-05-30,-0.24,0.23,-0.06,0.007
2002-05-31,0.19,-0.17,0.22,0.007
2002-06-03,-2.43,-0.72,1.3,0.006
2002-06-04,-0.11,0.08,-0.71,0.006
2002-06-05,0.83,-0.16,-0.31,0.006
2002-06-06,-1.91,-0.32,0.98,0.006
2002-06-07,0.08,0.78,-0.1,0.006
2002-06-10,0.21,-0.27,-0.29,0.006
2002-06-11,-1.7,0.56,0.43,0.006
2002-06-12,0.54,0.05,-1.33,0.006
2002-06-13,-1.1,-0.28,0.42,0.006
2002-06-14,-0.07,0.71,-0.7,0.006
2002-06-17,2.77,-0.14,-0.94,0.006
2002-06-18,0.05,-0.41,0.59,0.006
2002-06-19,-1.63,-0.02,0.5,0.006
2002-06-20,-1.37,1.29,-0.13,0.006
2002-06-21,-1.53,1.23,1.37,0.006
2002-06-24,0.18,-0.08,-0.52,0.006
2002-06-25,-1.69,0.49,0.06,0.006
2002-06-26,-0.27,1.09,-1.09,0.006
2002-06-27,1.68,0.4,-1.18,0.006
2002-06-28,0.12,0.08,1.83,0.006
2002-07-01,-2.32,-0.24,0.36,0.007
2002-07-02,-2.27,-1,0.02,0.007
2002-07-03,0.41,-1.28,-0.16,0.007
2002-07-05,3.55,-0.81,-0.73,0.007
2002-07-08,-1.21,-0.2,0.33,0.007
2002-07-09,-2.36,1.31,1,0.007
2002-07-10,-3.03,1.35,-0.19,0.007
2002-07-11,0.56,-1.34,-0.5,0.007
2002-07-12,-0.55,0,-0.53,0.007
2002-07-15,-0.45,-0.57,-0.45,0.007
2002-07-16,-1.5,1.34,-0.91,0.007
2002-07-17,0.63,0.02,-0.31,0.007
2002-07-18,-2.7,-0.51,0.99,0.007
2002-07-19,-3.38,1.08,0.09,0.007
2002-07-22,-3.18,1.23,0.41,0.007
2002-07-23,-2.86,-0.26,-1.59,0.007
2002-07-24,5.43,-1.71,-1.66,0.007
2002-07-25,-0.52,0.25,-0.08,0.007
2002-07-26,1.49,-0.57,0.23,0.007
2002-07-29,5.39,-1,-0.13,0.007
2002-07-30,0.42,-0.69,-0.02,0.007
2002-07-31,0.65,-2.53,0.05,0.007
2002-08-01,-2.68,1.5,1.03,0.006
2002-08-02,-2.36,-0.3,-0.68,0.006
2002-08-05,-3.34,1.05,0.51,0.006
2002-08-06,3.03,0.18,-0.51,0.006
2002-08-07,1.81,-1.04,-0.4,0.006
2002-08-08,3.05,-1.55,-0.53,0.006
2002-08-09,0.3,-0.66,0.05,0.006
2002-08-12,-0.43,0.4,-0.15,0.006
2002-08-13,-2.15,-0.33,0.54,0.006
2002-08-14,3.76,-0.74,-0.91,0.006
2002-08-15,1.17,-1.43,0.62,0.006
2002-08-16,0.06,1.22,-0.14,0.006
2002-08-19,2.17,-0.85,-0.05,0.006
2002-08-20,-1.3,0.26,0.83,0.006
2002-08-21,1.36,0.5,0.34,0.006
2002-08-22,1.32,-0.45,-0.32,0.006
2002-08-23,-2.25,0.27,-0.01,0.006
2002-08-26,0.83,0.63,0.4,0.006
2002-08-27,-1.55,-1.1,0.94,0.006
2002-08-28,-1.79,-0.32,0.27,0.006
2002-08-29,0.21,0.6,-0.44,0.006
2002-08-30,-0.28,-0.41,0.88,0.006
2002-09-03,-3.95,1.07,0.62,0.007
2002-09-04,1.83,0.69,-0.13,0.007
2002-09-05,-1.62,-0.56,0.09,0.007
2002-09-06,1.82,0.47,0.14,0.007
2002-09-09,0.92,-0.61,-0.52,0.007
2002-09-10,0.66,-0.03,-0.24,0.007
2002-09-11,-0.03,-0.24,0.28,0.007
2002-09-12,-2.37,0.83,0.35,0.007
2002-09-13,0.38,0.41,0.04,0.007
2002-09-16,0.02,-0.67,-0.3,0.007
2002-09-17,-1.91,0.19,0.6,0.007
2002-09-18,-0.45,-0.44,0.2,0.007
2002-09-19,-2.96,0.26,0.33,0.007
2002-09-20,0.19,-0.05,0.27,0.007
2002-09-23,-1.48,-0.83,0.09,0.007
2002-09-24,-1.54,1.05,-0.62,0.007
2002-09-25,2.44,0.05,-1.11,0.007
2002-09-26,1.74,-0.81,1.02,0.007
2002-09-27,-2.98,0.52,0.64,0.007
2002-09-30,-1.28,1.47,-0.4,0.007
2002-10-01,3.56,-1.88,-0.5,0.006
2002-10-02,-2.31,0.51,0.34,0.006
2002-10-03,-1.14,0.64,-0.16,0.006
2002-10-04,-2.25,0.18,-0.2,0.006
2002-10-07,-2,-0.28,-0.36,0.006
2002-10-08,1.54,-0.38,-1.81,0.006
2002-10-09,-2.77,-0.03,-1.05,0.006
2002-10-10,3.41,-2.03,0.27,0.006
2002-10-11,3.74,-1.44,-0.3,0.006
2002-10-14,0.77,0.22,-1.19,0.006
2002-10-15,4.57,-1.11,0.22,0.006
2002-10-16,-2.42,0.14,0.2,0.006
2002-10-17,2.4,0.83,-0.61,0.006
2002-10-18,0.49,-0.15,-0.48,0.006
2002-10-21,1.65,-0.88,0.56,0.006
2002-10-22,-1.11,-0.6,0.64,0.006
2002-10-23,0.76,0.71,0.2,0.006
2002-10-24,-1.44,0.68,0.28,0.006
2002-10-25,1.69,0.14,-0.48,0.006
2002-10-28,-0.83,0,-0.26,0.006
2002-10-29,-0.87,1.05,-0.18,0.006
2002-10-30,1.03,0.43,-0.62,0.006
2002-10-31,-0.41,0.25,0.36,0.006
2002-11-01,1.73,0.79,-0.54,0.006
2002-11-04,0.79,0.31,-0.54,0.006
2002-11-05,0.63,-1.03,0.26,0.006
2002-11-06,0.98,0.51,0.41,0.006
2002-11-07,-2.22,0.44,-0.3,0.006
2002-11-08,-0.92,-0.14,0.28,0.006
2002-11-11,-2.09,-0.42,0.48,0.006
2002-11-12,0.83,0.51,-0.25,0.006
2002-11-13,0.02,0.47,-0.3,0.006
2002-11-14,2.43,0.25,-0.9,0.006
2002-11-15,0.61,-0.78,-0.11,0.006
2002-11-18,-1,0.29,-0.17,0.006
2002-11-19,-0.48,-0.26,0.27,0.006
2002-11-20,1.93,0.57,-0.94,0.006
2002-11-21,2.16,-0.32,0.06,0.006
2002-11-22,-0.22,0.58,0.24,0.006
2002-11-25,0.36,0.85,0.06,0.006
2002-11-26,-2.03,0.57,0.57,0.006
2002-11-27,2.78,0.1,-0.14,0.006
2002-11-29,-0.32,-0.65,0.53,0.006
2002-12-02,-0.1,0.63,-0.12,0.005
2002-12-03,-1.54,0.3,-0.72,0.005
2002-12-04,-0.38,-0.34,0.5,0.005
2002-12-05,-1.11,0.11,0.7,0.005
2002-12-06,0.61,-0.1,-0.1,0.005
2002-12-09,-2.26,-0.23,0.3,0.005
2002-12-10,1.44,0.31,-0.13,0.005
2002-12-11,0.1,-0.27,0.31,0.005
2002-12-12,-0.27,0.63,0.3,0.005
2002-12-13,-1.37,-0.42,0.4,0.005
2002-12-16,2.21,-0.5,-0.33,0.005
2002-12-17,-0.76,-0.29,0.43,0.005
2002-12-18,-1.34,-0.42,0.07,0.005
2002-12-19,-0.7,0.5,0.38,0.005
2002-12-20,1.23,-0.47,-0.4,0.005
2002-12-23,0.24,0.44,-0.06,0.005
2002-12-24,-0.52,0.18,0.05,0.005
2002-12-26,-0.19,0.33,0.09,0.005
2002-12-27,-1.53,0.42,0.01,0.005
2002-12-30,0.34,-0.85,0.06,0.005
2002-12-31,0.12,0,0.57,0.005
2003-01-02,3.14,-0.87,-0.32,0.005
2003-01-03,-0.11,-0.42,0.04,0.005
2003-01-06,2.13,-0.6,-0.41,0.005
2003-01-07,-0.63,0.28,-0.17,0.005
2003-01-08,-1.34,0.1,0.43,0.005
2003-01-09,1.89,-0.11,-0.48,0.005
2003-01-10,0.04,0.05,0.18,0.005
2003-01-13,-0.12,0.13,0.19,0.005
2003-01-14,0.55,0.08,-0.17,0.005
2003-01-15,-1.32,0.67,0.56,0.005
2003-01-16,-0.34,0.22,0.18,0.005
2003-01-17,-1.4,-0.38,0.7,0.005
2003-01-21,-1.53,0.52,-0.36,0.005
2003-01-22,-0.94,0.51,-0.5,0.005
2003-01-23,0.99,0.1,-0.65,0.005
2003-01-24,-2.78,0.5,0.57,0.005
2003-01-27,-1.65,0.23,-0.13,0.005
2003-01-28,1.26,0.08,-0.45,0.005
2003-01-29,0.63,-0.19,-0.14,0.005
2003-01-30,-2.13,0.74,-0.36,0.005
2003-01-31,1.28,-0.32,0.23,0.005
2003-02-03,0.37,-0.69,-0.07,0.005
2003-02-04,-1.34,1.12,-0.19,0.005
2003-02-05,-0.49,0.17,0.06,0.005
2003-02-06,-0.64,0.02,0.13,0.005
2003-02-07,-1.06,-0.45,-0.24,0.005
2003-02-10,0.69,0.07,0.07,0.005
2003-02-11,-0.71,0.33,-0.31,0.005
2003-02-12,-1.25,0.18,0.11,0.005
2003-02-13,-0.26,-0.09,-0.25,0.005
2003-02-14,1.9,-0.79,-0.65,0.005
2003-02-18,1.97,-0.42,-0.13,0.005
2003-02-19,-0.7,-0.29,0.03,0.005
2003-02-20,-0.83,0.86,-0.15,0.005
2003-02-21,1.31,-0.15,-0.07,0.005
2003-02-24,-1.78,0.45,-0.12,0.005
2003-02-25,0.7,0.11,-0.19,0.005
2003-02-26,-1.22,0.15,0.45,0.005
2003-02-27,1.15,-0.26,-0.14,0.005
2003-02-28,0.41,-0.69,0.22,0.005
2003-03-03,-0.67,0.13,0.42,0.005
2003-03-04,-1.44,0.96,-0.54,0.005
2003-03-05,0.78,-0.9,-0.02,0.005
2003-03-06,-0.84,0.16,0.03,0.005
2003-03-07,0.76,-0.67,-0.16,0.005
2003-03-10,-2.36,0.83,0.1,0.005
2003-03-11,-0.81,0.92,-0.7,0.005
2003-03-12,0.32,-0.38,-0.41,0.005
2003-03-13,3.39,-0.94,-0.61,0.005
2003-03-14,0.13,-0.5,0.14,0.005
2003-03-17,3.41,-0.83,-0.25,0.005
2003-03-18,0.44,0.48,-0.65,0.005
2003-03-19,0.72,-0.45,-0.23,0.005
2003-03-20,0.28,0.09,0.37,0.005
2003-03-21,2.19,-0.85,-0.05,0.005
2003-03-24,-3.36,1.24,0.18,0.005
2003-03-25,1.21,-0.08,-0.03,0.005
2003-03-26,-0.55,-0.17,-0.28,0.005
2003-03-27,-0.09,0.65,-0.01,0.005
2003-03-28,-0.48,0.29,0.22,0.005
2003-03-31,-1.65,0.73,0.42,0.005
2003-04-01,1.12,-0.25,0.24,0.005
2003-04-02,2.6,-0.37,-0.86,0.005
2003-04-03,-0.49,0.39,0.02,0.005
2003-04-04,0.15,-0.73,0.39,0.005
2003-04-07,0.18,0.38,0.58,0.005
2003-04-08,-0.24,-0.29,0.09,0.005
2003-04-09,-1.28,0.47,0.77,0.005
2003-04-10,0.52,-0.24,-0.24,0.005
2003-04-11,-0.32,0.01,-0.05,0.005
2003-04-14,1.88,-0.46,0,0.005
2003-04-15,0.62,0.08,-0.39,0.005
2003-04-16,-1.11,0.56,0.18,0.005
2003-04-17,1.52,0.02,-0.03,0.005
2003-04-21,-0.11,0.35,0.12,0.005
2003-04-22,2.07,-0.9,0.23,0.005
2003-04-23,0.89,-0.27,0.31,0.005
2003-04-24,-0.81,0.58,-0.23,0.005
2003-04-25,-1.3,0.66,-0.11,0.005
2003-04-28,1.76,-0.05,-0.11,0.005
2003-04-29,0.34,-0.21,-0.21,0.005
2003-04-30,0.03,0.73,0.25,0.005
2003-05-01,-0.03,0.43,-0.25,0.004
2003-05-02,1.56,0.52,-0.49,0.004
2003-05-05,-0.19,0.82,-0.38,0.004
2003-05-06,0.8,-0.18,0.04,0.004
2003-05-07,-0.46,-0.05,0.58,0.004
2003-05-08,-0.99,0.5,0.14,0.004
2003-05-09,1.39,0.12,-0.22,0.004
2003-05-12,1.25,-0.12,-0.1,0.004
2003-05-13,-0.23,0.47,0.3,0.004
2003-05-14,-0.23,0.29,0.01,0.004
2003-05-15,0.74,-0.1,-0.14,0.004
2003-05-16,-0.31,-1.59,1.01,0.004
2003-05-19,-2.3,0.8,0.04,0.004
2003-05-20,-0.12,0.11,-0.11,0.004
2003-05-21,0.41,-0.22,0.31,0.004
2003-05-22,0.96,-0.18,-0.07,0.004
2003-05-23,0.26,0.27,0.4,0.004
2003-05-27,1.95,0.45,-1.05,0.004
2003-05-28,0.22,0.7,-0.4,0.004
2003-05-29,-0.26,1.02,0.07,0.004
2003-05-30,1.53,0.26,0.1,0.004
2003-06-02,0.39,-0.4,0.75,0.005
2003-06-03,0.39,0.15,-0.57,0.005
2003-06-04,1.56,0.14,-0.03,0.005
2003-06-05,0.55,0.89,-0.74,0.005
2003-06-06,-0.33,-0.17,-0.3,0.005
2003-06-09,-1.31,-0.2,0.18,0.005
2003-06-10,0.95,0.39,0.1,0.005
2003-06-11,1.29,-0.48,0.38,0.005
2003-06-12,0.18,0.05,0.34,0.005
2003-06-13,-1.02,-0.18,0.12,0.005
2003-06-16,2.15,-0.39,-0.48,0.005
2003-06-17,0.13,0.21,-0.12,0.005
2003-06-18,-0.15,0.31,-0.23,0.005
2003-06-19,-1.49,0.05,0.73,0.005
2003-06-20,0.05,-0.19,0.1,0.005
2003-06-23,-1.52,-0.6,0.23,0.005
2003-06-24,0.19,0.07,0.13,0.005
2003-06-25,-0.6,1.06,-0.08,0.005
2003-06-26,1.12,0.42,-0.51,0.005
2003-06-27,-0.84,0.58,0.19,0.005
2003-06-30,-0.17,-0.11,0.43,0.005
2003-07-01,0.73,-0.39,-0.15,0.003
2003-07-02,1.28,1.06,0.05,0.003
2003-07-03,-0.72,0.26,-0.08,0.003
2003-07-07,1.91,-0.1,0.26,0.003
2003-07-08,0.51,1.31,-0.04,0.003
2003-07-09,-0.34,1.02,0.26,0.003
2003-07-10,-1.33,-0.07,-0.22,0.003
2003-07-11,0.92,0.07,-0.06,0.003
2003-07-14,0.73,0.18,0.13,0.003
2003-07-15,-0.41,0.08,-0.04,0.003
2003-07-16,-0.64,0.25,-0.27,0.003
2003-07-17,-1.45,-1.26,-0.4,0.003
2003-07-18,1.08,-0.17,0.02,0.003
2003-07-21,-1.42,0.04,-0.38,0.003
2003-07-22,0.97,0.32,0.34,0.003
2003-07-23,0.18,0.62,-1,0.003
2003-07-24,-0.65,0.31,0.38,0.003
2003-07-25,1.51,-0.64,-0.24,0.003
2003-07-28,-0.02,0.98,0.36,0.003
2003-07-29,-0.57,0.54,0.02,0.003
2003-07-30,-0.18,0.27,-0.61,0.003
2003-07-31,0.32,0.26,0.4,0.003
2003-08-01,-1.06,-0.49,-0.06,0.003
2003-08-04,0.11,-0.66,-0.31,0.003
2003-08-05,-1.71,0.38,0.02,0.003
2003-08-06,0.02,-1.03,0.46,0.003
2003-08-07,0.57,-0.48,-0.47,0.003
2003-08-08,0.33,-0.46,0.15,0.003
2003-08-11,0.43,0.72,-0.03,0.003
2003-08-12,1.09,0.51,0.05,0.003
2003-08-13,-0.5,0.69,0.06,0.003
2003-08-14,0.62,0.11,0.44,0.003
2003-08-15,0.1,0.19,-0.14,0.003
2003-08-18,1.03,0.85,0.09,0.003
2003-08-19,0.43,0.99,0.61,0.003
2003-08-20,-0.14,0.34,0.06,0.003
2003-08-21,0.47,0.61,0.41,0.003
2003-08-22,-1.06,-0.58,0.12,0.003
2003-08-25,-0.04,-0.07,-0.31,0.003
2003-08-26,0.29,0.16,0.18,0.003
2003-08-27,0.17,0.82,0.06,0.003
2003-08-28,0.7,0.26,0.22,0.003
2003-08-29,0.53,-0.32,0.33,0.003
2003-09-02,1.4,0.48,0.02,0.004
2003-09-03,0.42,0.32,0.14,0.004
2003-09-04,0.22,0.46,-0.17,0.004
2003-09-05,-0.62,-0.05,0.2,0.004
2003-09-08,1.07,0.62,-0.12,0.004
2003-09-09,-0.79,0.33,-0.23,0.004
2003-09-10,-1.37,-0.64,-0.6,0.004
2003-09-11,0.62,0.64,0.03,0.004
2003-09-12,0.23,0.15,0.16,0.004
2003-09-15,-0.35,0.24,-0.07,0.004
2003-09-16,1.4,0.1,0.06,0.004
2003-09-17,-0.26,0.19,0.18,0.004
2003-09-18,1.25,-0.56,0.25,0.004
2003-09-19,-0.23,0.49,0.02,0.004
2003-09-22,-1.3,0.16,0.14,0.004
2003-09-23,0.65,0.57,-0.1,0.004
2003-09-24,-1.88,-0.2,0.08,0.004
2003-09-25,-0.81,-1.65,-0.21,0.004
2003-09-26,-0.84,-1.26,0.04,0.004
2003-09-29,0.98,0.52,0.02,0.004
2003-09-30,-0.96,-0.05,0.14,0.004
2003-10-01,2.16,0.38,0.09,0.003
2003-10-02,0.31,0.15,0.07,0.003
2003-10-03,1.02,0.69,-0.01,0.003
2003-10-06,0.49,0.37,0.36,0.003
2003-10-07,0.51,0.34,0.1,0.003
2003-10-08,-0.48,-0.29,0.19,0.003
2003-10-09,0.55,0.27,0.38,0.003
2003-10-10,-0.08,-0.43,0.41,0.003
2003-10-13,0.81,0.79,0.09,0.003
2003-10-14,0.44,0.48,0.16,0.003
2003-10-15,-0.36,-0.28,-0.05,0.003
2003-10-16,0.35,0.1,0.04,0.003
2003-10-17,-1.11,-0.52,0.05,0.003
2003-10-20,0.41,-0.11,-0.25,0.003
2003-10-21,0.24,0.68,-0.31,0.003
2003-10-22,-1.52,-0.68,-0.02,0.003
2003-10-23,0.22,-0.74,-0.22,0.003
2003-10-24,-0.45,-0.41,-0.01,0.003
2003-10-27,0.4,1.16,0.3,0.003
2003-10-28,1.59,0.5,-0.22,0.003
2003-10-29,0.28,0.79,0.32,0.003
2003-10-30,-0.11,-0.12,0.27,0.003
2003-10-31,0.28,-0.56,-0.09,0.003
2003-11-03,0.93,0.68,0.41,0.004
2003-11-04,-0.45,0.74,0.41,0.004
2003-11-05,-0.04,0.23,-0.09,0.004
2003-11-06,0.58,0.11,0.1,0.004
2003-11-07,-0.33,0.36,0.3,0.004
2003-11-10,-0.74,-1.02,-0.02,0.004
2003-11-11,-0.21,-0.59,-0.1,0.004
2003-11-12,1.33,1,-0.21,0.004
2003-11-13,0.03,0.2,-0.21,0.004
2003-11-14,-0.83,-0.62,-0.07,0.004
2003-11-17,-0.72,-0.67,-0.2,0.004
2003-11-18,-0.87,0.12,0.09,0.004
2003-11-19,0.76,0.06,-0.02,0.004
2003-11-20,-0.77,0.13,0.03,0.004
2003-11-21,0.21,0.16,0.59,0.004
2003-11-24,1.71,0.74,-0.03,0.004
2003-11-25,0.31,0.24,0.6,0.004
2003-11-26,0.4,-0.07,0.42,0.004
2003-11-28,0.11,0.26,-0.17,0.004
2003-12-01,1.11,0.4,-0.12,0.004
2003-12-02,-0.27,0.14,0.13,0.004
2003-12-03,-0.34,-1.19,0.42,0.004
2003-12-04,0.26,-0.41,-0.23,0.004
2003-12-05,-0.79,-0.06,-0.07,0.004
2003-12-08,0.65,-0.17,0.36,0.004
2003-12-09,-0.95,-0.6,0.19,0.004
2003-12-10,-0.29,-1.02,-0.24,0.004
2003-12-11,1.34,1.23,0.15,0.004
2003-12-12,0.31,0.55,0.3,0.004
2003-12-15,-0.73,-1.39,0.15,0.004
2003-12-16,0.5,-0.31,0.02,0.004
2003-12-17,0.15,-0.05,-0.1,0.004
2003-12-18,1.24,0.27,0.22,0.004
2003-12-19,-0.04,-0.13,0.4,0.004
2003-12-22,0.36,-0.09,0.46,0.004
2003-12-23,0.36,0.7,-0.06,0.004
2003-12-24,-0.18,-0.24,0.12,0.004
2003-12-26,0.19,0.34,0.06,0.004
2003-12-29,1.29,0.36,-0.04,0.004
2003-12-30,0.05,0.24,0.15,0.004
2003-12-31,0.01,-1.39,0.02,0.004
2004-01-02,-0.17,0.82,0.42,0.003