,France,Spain,Japan,Italy,Australia,Norway,Canada,Switzerland,Germany,Belguim,Austria,Sweden,Netherlands,UK,ct,Mkt_RF,CrossVar,CrossSkew,CrossKur,Cste,Lag_W_Consgrowth,Lag_Term_Spread,Lag_Cay
Q1 1970,-0.56870084426838,-0.5141963923845762,-0.5318086626260691,-0.520286452756158,-0.615258906405615,-0.498880058996893,-0.4909393128123206,-0.6123126883857998,-0.6383859128664652,-0.5506190302163066,-0.5859667935220797,-0.6437434232251423,-0.6015009870620626,-0.6044672288822476,2.4687635483360912,-1.06,10.655223071353209,-1.2933277490579898,1.8153743293573683,1,,,
Q2 1970,-0.6887507450497575,-0.6728203512947005,-0.715473460180485,-0.7282418998157069,-0.6424488062094501,-0.594711252581482,-0.7966001012097407,-0.6990187112106881,-0.7609861173772322,-0.6182784068881569,-0.5261210414080598,-0.6857421587496048,-0.6658758810915105,-0.6909516840215647,2.660091488101311,-5.79,5.2339928655220165,-0.73240991909986,1.239495455313282,1,0.0370309870621884,0.080782,-0.02606305
Q3 1970,-0.5139320169582406,-0.5457968160243727,-0.5577808655349257,-0.5349694705434498,-0.5133288220743148,-0.3454476559109825,-0.3760718516400363,-0.5018989457481267,-0.4830968368025941,-0.4748775907817029,-0.466156144323179,-0.5428999768672949,-0.406179079430494,-0.4451378107133399,2.75213236858258,4.18,9.953400523795251,-0.22272617571472572,0.3177391442081037,1,0.0348057148836071,-0.05335499999999999,-0.024923509
Q4 1970,-0.39170076481607735,-0.41489869175027044,-0.42573834780442704,-0.5198199713016542,-0.5520453058360237,-0.37668822673491237,-0.36691234083612395,-0.43836778178644137,-0.49986492845869007,-0.3968761639798473,-0.4233052847418773,-0.44837251019653573,-0.5041984054692854,-0.4288217999023481,2.1279792222249183,5.72,6.774182150285802,-0.16220125196864263,-0.6824985341363199,1,0.0399305840403277,0.026688999999999997,-0.031320803
Q1 1971,-0.2739066307721309,-0.25286230789892555,-0.12010933764810544,-0.2914106566244305,-0.2858570220919889,-0.32761010054802514,-0.2271674085538919,-0.156004748269223,-0.1124183173630861,-0.2087361945022474,-0.31372254370417546,-0.14852495312526165,-0.2566408037813696,-0.22908824066682704,1.1880020169748282,4.13,6.589830994070075,-0.4192652802424119,-0.5739272439131651,1,0.0322482158032948,0.065278,-0.03582528
Q2 1971,-0.33454491972328426,-0.3362989036260168,-0.23321831262887371,-0.47174102357106473,-0.4241228054841021,-0.06383740546574657,-0.3899657979601735,-0.38966536616624114,-0.4274452928417326,-0.31545284808863705,-0.3604672809861257,-0.3549301325124866,-0.3360308207310049,-0.20837856684453537,2.2234033320111126,-0.1,5.721280975258188,-0.046233880331101936,0.4872180772975492,1,0.0306304818308524,0.09577999999999999,-0.04100823
Q3 1971,-0.4815937509185967,-0.3216966029152911,-0.4735653427930887,-0.4931241440794806,-0.5755194471579078,-0.47159742021652995,-0.3500857267416383,-0.4038040246179849,-0.3999797796521366,-0.4328250192398223,-0.37842359774232637,-0.39995020362656486,-0.5105714853149877,-0.32161239902190164,2.094818752056516,-0.85,3.460551514252492,-0.7331761059602991,0.43955822102911135,1,0.0351788457801194,-0.079075,-0.046916453
Q4 1971,-0.36628190654894854,-0.3255450630854816,-0.27965916679113156,-0.3313396364221556,-0.2023729710627985,-0.4395566256765181,-0.32083613748418827,-0.31586243664283387,-0.3616249199951368,-0.360972986067681,-0.36773104646585064,-0.2559430780354325,-0.3953289153961784,-0.31927337254809085,1.9907497101178924,8.71,4.4670151562951785,-0.9775493544681404,0.06109977388962662,1,0.0312520152048359,0.072318,-0.043619693
Q1 1972,-0.09354404994715226,-0.1626171754746344,-0.09244378995882085,-0.2999623092796946,-0.1695649784169473,-0.279041500964031,-0.1924117479400116,-0.1340514606458716,-0.09571305320065226,-0.13402395477577977,-0.2554831878235704,-0.18520111970435904,-0.17623010838936848,-0.17575947090155752,3.704621712799631,0.63,3.5853057776970583,-0.23412554511965603,-0.8619852605995968,1,0.0411837548771809,0.014825,-0.040591807
Q2 1972,-0.26809536521253724,-0.19407772673504992,-0.12491812671046526,-0.19929118259807227,-0.23788130499687815,-0.20146983709464544,-0.23507627285495397,-0.3191016952509757,-0.30885981382446376,-0.267161921734079,-0.20206057149086204,-0.3099000896726016,-0.2099671190325027,-0.3083062670006757,2.715610866965956,-2.43,4.074794018862982,0.18266646551957802,-1.1912312065816555,1,0.0464926749976029,-0.014704,-0.040636151
Q3 1972,-0.24820468691736258,-0.2875195717247065,-0.18822613911324754,-0.36291118899039637,-0.42138632214058463,-0.3195728362776215,-0.2687282276646165,-0.23104170673478136,-0.3264683461828792,-0.28037736236682614,-0.21086315545810946,-0.2717386113116779,-0.30384084513532644,-0.37896264914576444,2.365636625892622,-1.14,4.9968729165046035,0.2776777278555273,0.13447447808485924,1,0.0469740228690478,0.005621,-0.033364191
Q4 1972,-0.4538829300834707,-0.31950698519513654,-0.08941850082136671,-0.289770556373777,-0.2980638754021675,-0.3928962931394223,-0.2923160692293364,-0.371922033604024,-0.3902804715807785,-0.32054527461430193,-0.3056188030922583,-0.3757781443843554,-0.3290438091958706,-0.2843511286151682,2.6957134160681115,0.62,7.366256448665317,0.1814068615062788,-0.6501309424584147,1,0.0527283342075514,-0.009712,-0.031477741000000004
Q1 1973,-0.3324614292141526,-0.30261837066719993,-0.48664978347615856,-0.3044907854163004,-0.5364061033229044,-0.19244369436154246,-0.47489990362644546,-0.5069524938336913,-0.38025956676818057,-0.35382477051413025,-0.3345667769781056,-0.438400562824886,-0.37647065950420094,-0.5644536042125807,3.006986973370299,-1.3,6.370154951956696,0.23305897407703752,-1.5803135062359912,1,0.0575724122385522,0.019459999999999998,-0.047133812000000004
Q2 1973,-0.46625320410146665,-0.5224363838944941,-0.5868131620265571,-0.27874814483820765,-0.5201247901393311,-0.15711827012313795,-0.5728640511514629,-0.5095276573403631,-0.6751997001056973,-0.446905211008197,-0.4813114421724809,-0.4666131828050599,-0.6245079874047674,-0.5091252957176142,2.822006513981647,-1.56,5.996652295935131,1.1719727621297833,0.9547106459471619,1,0.0638862147522402,-0.016111,-0.034177498
Q3 1973,-0.7524423865878388,-0.594730671040771,-0.7201183509954182,-0.8630408056561819,-0.8629234621713605,-0.7226831814022899,-0.587810288557017,-0.7183879094057465,-0.7478000922768734,-0.7368503492861892,-0.7199219426926774,-0.720708044851205,-0.7462866638685245,-0.7273295446251019,1.631010245737851,4.75,4.986858159899508,0.5566162016152815,2.4906148027009243,1,0.0537654076081485,-0.012594,-0.035712602
Q4 1973,-0.7495672583504825,-0.7490661799089858,-0.7955546762744884,-0.6926962536663138,-0.6822574069160753,-0.5379933514820937,-0.6810044596243102,-0.7365491173175526,-0.7019612661209956,-0.6871230262723603,-0.6871220123279075,-0.6714267368233461,-0.7249343477140634,-0.7802517514182051,1.3415411018819097,0.61,3.5915847454345355,-0.20859467246762875,-1.1678349947943265,1,0.043753851583433,0.00719,-0.037736915
Q1 1974,-0.5945435465251143,-0.4634835886122981,-0.5257968908848301,-0.4011421147405234,-0.4067182951086177,-0.6473276821822416,-0.5403121758203286,-0.5782710407056109,-0.5566063742395699,-0.578017618455299,-0.534955416341123,-0.40516305851951495,-0.6182158597122664,-0.7379356243023163,-1.2831832870849902,-2.81,18.48600695044488,-1.4323762072130135,2.2291426328477204,1,0.0329476792189044,-0.0066159999999999995,-0.036300172
Q2 1974,-0.7562339681591274,-0.5689486061995556,-0.5524091773852641,-0.8570143231383799,-0.8545058479826956,-0.8036334391813419,-0.7898196837266583,-0.7164067115254035,-0.6050821555029632,-0.7260866895210455,-0.6188340473062522,-0.6709047283962212,-0.6562434474785096,-0.7159860126346848,-1.071634816268848,-2.83,4.2676091289789255,-0.04535108637794133,-0.2762173049137542,1,0.0008165491862733031,-0.025005,-0.029528202000000003
Q3 1974,-1.0860610240177526,-1.012256652885688,-0.9745725766777862,-1.0106557673039123,-1.2144319325778161,-1.1099695702969457,-0.9868936370167654,-1.0175688665468292,-0.8585411158322764,-0.9621030488392575,-0.8394882440680873,-0.8857183357622884,-1.0002348958695904,-1.1296836235558785,-0.8741836813876017,-11.77,7.802601782062468,0.016178471848530687,-1.0133163053419345,1,0.00436439208566609,-0.033669,-0.017242602
Q4 1974,-0.5825921000932197,-0.7337646936377602,-0.7160638284922205,-0.7536310856898731,-0.46914668127864867,-0.7149361789493847,-0.6725971491704914,-0.7372689865269562,-0.6063339977397113,-0.6927439991496855,-0.6836888891564941,-0.7115252516651756,-0.6890900781080036,-0.8032960927549266,-3.054208047873114,-3.45,6.815618758909768,-0.5735779841698276,0.3236482643322489,1,0.00428140745758695,-0.014303,-0.00362426
Q1 1975,-0.12823563975921265,-0.395192192764293,-0.22656292617391555,-0.2709025390626499,-0.24121595797811352,-0.3667809819185102,-0.25290671986588525,-0.15332885846257743,-0.19822373433900414,-0.23128215848021033,-0.36023368201035205,-0.2686017795797982,-0.14547875204152821,0.16591672192799595,-1.4319573322598547,2.66,9.593519316988612,-0.5581448530841144,-0.059811420221378864,1,-0.0120913007451404,0.05482000000000001,-0.017182557
Q2 1975,-0.44821818343057435,-0.45997595440788946,-0.3856048793137548,-0.5628632200537387,-0.324537568899215,-0.38779575890400314,-0.3213934125233287,-0.38881587807321055,-0.4406348018232185,-0.3610221151913969,-0.437040920673242,-0.35271666663094675,-0.3732550927478691,-0.29994958675931543,-1.5659602623906947,4.83,4.690155647656618,0.12602388258532388,-0.5116296786224095,1,0.00922298176348874,0.001537,-0.016113014
Q3 1975,-0.4869919688506916,-0.5690711341364405,-0.6716194380041542,-0.6298187472231447,-0.4625977211688015,-0.6395298052941774,-0.5999884490016576,-0.6164860738237408,-0.5066194457064401,-0.5802724627526474,-0.5386400357947696,-0.47733578107433394,-0.5579269816225885,-0.3955206695338205,-1.093980834832987,-4.26,6.057755946199949,0.07678232192809785,-1.0820405208699708,1,0.0103078945181965,-0.0152,-0.045009185
Q4 1975,-0.38783580628894354,-0.34165853754097464,-0.3502312658989566,-0.4057685198666241,-0.3491427243266343,-0.529536190411211,-0.4880737726494302,-0.2940080600520294,-0.33648199128787093,-0.41804755607131616,-0.444983812609657,-0.4631682817401974,-0.2734328413273661,-0.38120236058615964,0.5035810564743588,-1.6,13.028638305946828,-0.7494622598014286,-0.22398167985210415,1,0.0140440623208331,-0.050547,-0.013775728999999999
Q1 1976,-0.3653404048044223,-0.5594415501240239,-0.3508158056729954,-0.42124304821495484,-0.3813385524557896,-0.34187657053086584,-0.2873137780639846,-0.39499292272511133,-0.3539795968952252,-0.3509916686022342,-0.3569654335018907,-0.33517467654692423,-0.28688461405460297,-0.34221385425333717,0.36136448554079503,2.32,6.211379426237107,-1.0284438897046655,0.5104528646575153,1,0.0345015161950318,0.048274,-0.012803799999999999
Q2 1976,-0.49585669256621606,-0.4518045740139843,-0.37728059526758556,-0.40274621893595725,-0.3679276315929852,-0.3922905900622518,-0.42640824532459415,-0.43360565726231065,-0.48872374544535574,-0.4892629156510469,-0.45080677944389286,-0.3804345856948344,-0.45174496673778847,-0.46164490360920524,1.0510474804880068,4.05,6.510392710959313,-0.5143075906557317,-1.4911788560038866,1,0.0390800018737543,0.026817,-0.010228866999999999
Q3 1976,-0.551943781840627,-0.44751169844886235,-0.45046018138330496,-0.49415317105846196,-0.42855935437277776,-0.45340517369912053,-0.46835850901329895,-0.4518041037760541,-0.4507383931224101,-0.5000162075581849,-0.4003039006888272,-0.5434348770536084,-0.5136493801122746,-0.5712825180328207,2.2354541000059327,2.07,4.74543964886806,-1.4172098257688128,3.479334646890784,1,0.038392829653417,-0.001437,-0.010633726000000001
Q4 1976,-0.377873733705672,-0.5270740421326693,-0.30275647595623545,-0.4137259941713666,-0.45514234857482416,-0.41994311995072275,-0.4001013359456357,-0.3575328249942592,-0.416473100257695,-0.3597105419281649,-0.41694552724100087,-0.4145121710024796,-0.3497635643022058,-0.25595893398880654,1.3777986719026296,5.65,7.059483528898346,-0.06128126365497911,-0.311000944762176,1,0.0378531299648086,0.023961,-0.0065953769999999995
Q1 1977,-0.5461882880513703,-0.4388464358462959,-0.42277118639172795,-0.4666597044026851,-0.3459558154706218,-0.4401175313492748,-0.3639088311435704,-0.3675824523749932,-0.36649395022950604,-0.381374461665379,-0.3684844844201135,-0.33905597769268525,-0.3115576004507635,-0.23821546076779587,0.8115302478703409,-1.37,8.46038489025021,-0.8385821597185288,-0.03945238166596132,1,0.0371824194575833,0.070408,-0.0005720580000000001
Q2 1977,-0.30472508879545634,-0.4182311616280586,-0.3887099318443431,-0.4427720082175305,-0.3758119119511415,-0.46137987968458793,-0.392086758893473,-0.4207225948197598,-0.3784205337658181,-0.36299515802352256,-0.43293076097613403,-0.5369912778055307,-0.35870752793636884,-0.3060781412465824,0.5199881955620204,4.71,10.456478092380134,-0.12921032941434318,-1.0895568277010321,1,0.0313841151702782,-0.03261,0.010392845
Q3 1977,-0.31958526692339656,-0.6687382750448807,-0.387029725261739,-0.3759828933669674,-0.525158343854341,-0.43734733433233625,-0.4582494646277387,-0.3584879519559741,-0.3800123181551441,-0.4390319932153031,-0.4598458061062563,-0.4344154336603821,-0.44154485546058214,-0.2630569644671488,0.4205412393152632,-0.27,14.451460929159275,-1.002104782957511,0.9585247587840886,1,0.0280677144343308,-0.004608,0.0043783170000000005
Q4 1977,-0.5271544975551643,-0.4234613649816932,-0.552858399445787,-0.6264082413695082,-0.3879120709112722,-0.630089859451213,-0.42556876947144384,-0.5007318793132176,-0.459748932244034,-0.5153313278232525,-0.4930646742868594,-0.506029476456656,-0.5141261915590707,-0.5451492085527974,0.636946560395245,0.27,18.093581575944526,-0.12912682519476207,0.19742603666524428,1,0.0264495260452645,-0.004632,0.0015283120000000002
Q1 1978,-0.35707236902370965,-0.5969976459138804,-0.4031860026669658,-0.36661445635232126,-0.5785538208482472,-0.6085561225664236,-0.5275538381405542,-0.5331690386776973,-0.5135206485318251,-0.4746888166929615,-0.5152145279680631,-0.40333114099948886,-0.5063267156909645,-0.5560589672875691,0.2512941948149306,2.85,8.351170120686508,-0.38209749444951363,-0.6638517707726996,1,0.0275516888841263,-0.020857,0.005165188
Q2 1978,-0.46258044890180994,-0.4448038422631413,-0.5314525403756178,-0.5290476655084637,-0.43331615654512046,-0.5464832644985167,-0.4794343594868824,-0.5549110362689094,-0.5298030031622618,-0.5189380105493075,-0.5528529629186325,-0.5056995427876725,-0.49498288610700936,-0.512006597931201,-0.05732724422567394,-1.69,6.234901850305947,-0.5036147403538795,-0.5369883642664104,1,0.0274380310998972,-0.019056,0.00444079
Q3 1978,-0.3982586283294899,-0.6347486827602377,-0.5913029839494407,-0.33154922891708594,-0.457630139835551,-0.3705405683707629,-0.4629225873185491,-0.6581204941743585,-0.5366042493896853,-0.5529487824804383,-0.5867749096593603,-0.5953605019295204,-0.5655832169048044,-0.5345266187345351,0.5625543193525918,-1.43,8.49966446062513,-0.023202663522090074,-0.7360190276789109,1,0.0333475464235276,-0.027941000000000004,0.013631273000000001
Q4 1978,-0.8213264964489155,-0.8601451758213166,-0.7267583168858411,-0.9107419149934513,-0.8096179392331713,-0.907464655128426,-0.732712482164265,-0.7374819097371048,-0.8105918117305941,-0.7901304490093375,-0.787124369063269,-0.8359374660860766,-0.8569310115569901,-0.7968427856742133,0.125317487495348,0.88,9.318421080806333,-0.0459188556085948,0.47899228023734963,1,0.0330938655291034,0.008868000000000001,0.0069150159999999995
Q1 1979,-0.8167437603949064,-0.6614800207629741,-0.8120349174998256,-0.6885627588026311,-0.6941173529114333,-0.5786740378426312,-0.6870707624865378,-0.7054164606456284,-0.8424681233137963,-0.7049656596224225,-0.7780538485337831,-0.7697990339585865,-0.7133898582748608,-0.6038881816550252,1.1379654125072853,5.68,5.330760969475753,0.4539355285912815,1.3749837662436164,1,0.0321476765858179,-0.038232999999999996,0.006995976
Q2 1979,-0.6887598654734757,-0.8656746229591596,-0.7815378132637423,-0.8243782244440871,-0.8277788383842677,-0.38068102913655677,-0.6817922712342415,-0.8326200511456165,-0.881042333910989,-0.785281404947789,-0.8165788003981986,-0.8840362056302857,-0.7700560106888035,-0.8726983263997057,1.3551286685405337,3.85,9.070490365490562,-0.18051232136341652,-1.3090596413471003,1,0.0327424280431128,0.001818,0.0017849460000000001
Q3 1979,-0.6533419724658981,-0.9125103829493434,-0.7829659792456737,-0.6828639873158479,-0.6232552370659138,-0.7022787792517952,-0.7227943369032087,-0.7833490619903801,-0.7746390828280559,-0.7988355948653928,-0.8343538698440821,-0.8301071732389448,-0.7748847913584836,-0.7880217455606661,0.33454549122178057,-0.82,7.36247309638787,0.3299769654077086,-0.8205890495656876,1,0.0322126171691948,0.018294,0.004303872
Q4 1979,-1.023846316555203,-0.9697038032797358,-0.9410823086156828,-1.074104209119869,-0.8529496598048627,-0.7106475069156841,-0.8986520955769997,-0.9802258815018134,-0.9986482657015638,-0.964383396025436,-0.8645653624138496,-0.9235448996278437,-0.9983858355237458,-1.0261484029655763,0.16687304826340993,1.79,5.716962876770873,-0.10895112389225818,-0.9200721530795435,1,0.0251896601008312,-0.040591,0.006291216999999999
Q1 1980,-1.2164682637999409,-1.1926255970104052,-1.2147628696399018,-1.0981960689617827,-1.1722822151910082,-1.527152616688582,-1.1781697909099176,-1.2995794957629228,-1.255438653655724,-1.3283964178800511,-1.2165667005214056,-1.1548507576230662,-1.2477638467802468,-1.1616550024946983,-0.8436979845082284,-12.9,2.7501778186730608,-0.06340658596232063,-0.060970863361831995,1,0.0213517439447808,-0.040192,0.005172593
Q2 1980,-0.5202002113805181,-0.5145050852569778,-0.5708538649877598,-0.5174689559461859,-0.4020138757373847,-0.4008686390869146,-0.461184916943148,-0.5380998126982807,-0.5263252755094735,-0.5233347515659702,-0.6334527713276087,-0.59105431789942,-0.4919317736917336,-0.48391002061778077,-2.184849056304059,3.06,6.260684058198671,0.714637975885888,0.45076001402361143,1,0.0161240502460007,-0.072849,0.0055511959999999996
Q3 1980,-0.7431784571893303,-0.665975819720285,-0.7073917703993082,-0.418997452954498,-0.6457733681706825,-0.7183653729017054,-0.6791347913487336,-0.7222297721595146,-0.7438887221607491,-0.789809594028994,-0.7607100657347718,-0.7739031270131118,-0.704209907220597,-0.6709646149548059,-0.9356480626517164,2.19,3.656046364051071,0.06589670582846628,-0.8510202323334735,1,-0.00527641380543671,0.131822,-0.013591903999999998
Q4 1980,-1.2997554653818155,-1.283632434167084,-1.285375499379429,-1.1090686243198706,-1.2884737564105202,-1.3908625672681905,-1.3461566252105457,-1.2917921187093744,-1.3374087914399717,-1.3602397523892757,-1.289210190636226,-1.1006140614786335,-1.195387412929438,-1.286638586703218,-1.8573806760572555,-4.52,3.8262515181659773,-1.0153414287540075,0.35652047429870937,1,0.00312457768375187,-0.095937,-0.016861347
Q1 1981,-1.1849371479432014,-1.1039365055083055,-1.1088654569074583,-0.8841921195947284,-1.2489752459682277,-1.315333693319415,-1.167719162831463,-1.2234738678606885,-1.1997477704110047,-1.2059875639492184,-1.261412160349134,-1.0040119657109905,-1.2300450362904334,-1.1692524206032138,-3.2603981768478483,3.56,3.7600481039687548,-0.25556485362571296,-0.8785691902123287,1,0.00168691713963894,-0.019212,-0.012252971000000001
Q2 1981,-1.659909156924137,-1.096306522459845,-1.202620173917062,-1.3959933919837533,-1.3669816349479773,-1.446391306581638,-1.3224996867692718,-1.3814077226069634,-1.268320283187427,-1.460668909067056,-1.4160260649546266,-1.193086916528706,-1.3405911469811715,-1.3027732353808816,-1.7785606862384618,-2.36,3.7904798194938745,-1.237255669425149,1.3849056178031853,1,0.000697103622491141,-0.040311,-0.0006564730000000001
Q3 1981,-1.0961339029869055,-1.237209561262352,-1.3111058009906678,-1.3714200279074864,-1.4405908054208314,-1.1549484270301666,-1.4601247030748954,-1.3392657873803262,-1.3111215493511794,-1.2471989572243147,-1.2914662753148212,-1.2307865887154017,-1.3674162460618156,-1.3530631033768994,-2.2016011745617226,-7.17,5.1668333273729266,0.19483448306772638,-0.08055321503475898,1,0.0128059197518157,-0.038752999999999996,-0.002968948
Q4 1981,-0.8356399239048188,-0.9121193988318285,-0.8230859781983043,-0.870521117893701,-0.8387748584321252,-0.8119752791092106,-0.8326023255523446,-0.8116004876235897,-0.863785830863354,-0.6323967895252957,-0.8079354462273737,-0.6824268535875405,-0.7351024543863457,-0.7270954573218312,-1.8150124347130097,-3.65,4.901798437934755,-1.3050573292091525,1.2420016110165086,1,0.00781120543850047,-0.09606100000000001,-0.005012755
Q1 1982,-0.86389997169004,-0.97597977563403,-1.0613414446149663,-0.9229583612797971,-1.2139976207769405,-1.1534131568852612,-1.1759158660305657,-0.9857506067358037,-0.9173496885025636,-0.8165374108856649,-1.030177188715625,-1.0048801060847246,-0.9309277447645727,-0.9253187224240116,-1.4120844900416298,-1.87,7.980936973738878,-0.05944866230950466,-1.1743527376588103,1,0.00252374880929687,0.09511499999999999,-0.018003848
Q2 1982,-0.9846549101228801,-0.9884265000933361,-0.9500639007231602,-1.1872031012946263,-0.9164650936007144,-0.959928830406783,-1.0824463278513043,-1.0039125946156542,-0.9991632497634368,-1.04636666518783,-1.0159950693857756,-0.9571946518117516,-0.9702896313883276,-0.9435286317208726,-1.1301925660438212,-3.09,6.2563462216235655,-0.6868305855385015,1.263598288552127,1,0.00667451857115885,-1.90000000000017e-05,-0.010536118
Q3 1982,-0.4968429132585561,-0.664264975146317,-0.5264049883295414,-0.4487638745905349,-0.4269921866915045,-0.5117055092862108,-0.33838179830563875,-0.4703763018161953,-0.4611165318896957,-0.381621386267492,-0.5150968337891035,-0.3419311457199605,-0.45283610337626734,-0.38290567561491007,-1.306142939794441,1.29,5.835446403325913,-0.06640436397329477,-0.7016864915849346,1,0.00877624943334716,-0.010020000000000001,-0.010129065999999999
Q4 1982,-0.6506249257816289,-0.5850131787938083,-0.5212761047059234,-0.6376302171847864,-0.6761482079497744,-0.6316509710352812,-0.4615755808097185,-0.5220247255091525,-0.5861763702581887,-0.6540240957954434,-0.6006651770677235,-0.31985404515220683,-0.5449525501589011,-0.6159811761959927,-0.8694498278445106,0.55,7.289493722385747,0.20133368674888644,-0.3175127754264766,1,0.00686165289185538,0.14114000000000002,-0.009341453000000001
Q1 1983,-0.44475785793569156,-0.5226319899364534,-0.6006082163460996,-0.3314673891517935,-0.546991179077634,-0.3698805700998068,-0.5366285979305961,-0.5642002666139662,-0.44552431735501064,-0.47615637873361394,-0.5646476154459529,-0.2914752275024385,-0.3956266706305175,-0.5390899882727497,-0.7849993797128768,2.82,6.475779208155741,0.07474716634915855,-0.28107425399518027,1,0.0199776553494519,0.10928099999999999,0.001620691
Q2 1983,-0.5843722757794537,-0.5924140443559428,-0.6130863072162392,-0.7598836479996215,-0.49485548392110534,-0.4343947133302911,-0.5290671198696738,-0.631818205389954,-0.6092480375762098,-0.5469177404598976,-0.6284403017011605,-0.5857930183982251,-0.5282145720752222,-0.5330348004904516,-0.5592894671954861,3.07,7.163349082905544,0.3787541298332811,-0.11094412337283499,1,0.0191568966458972,-0.009873999999999999,0.001407171
Q3 1983,-0.6397949457864522,-0.7681595801112888,-0.7023685733183049,-0.7251544460431989,-0.5851615270575368,-0.6161148916786259,-0.7311661214317822,-0.7439014736480332,-0.7685043137191478,-0.7111046222833128,-0.7689086052513645,-0.6729746655784343,-0.7124559295061286,-0.7802106746197117,-0.04377569582721356,0.91,7.066456067778381,0.2912415339426989,-1.1514248475722844,1,0.0267211128633645,-0.021159999999999998,0.009525456
Q4 1983,-0.622972656307518,-0.7392681992518546,-0.6657493876277925,-0.7444471003441229,-0.6317045306418794,-0.6804229699230366,-0.7018348627682998,-0.5852354224292946,-0.6160981291272862,-0.6653143280032112,-0.7010752781424361,-0.7398628747690501,-0.6783742800535335,-0.6696675006309838,-0.2425866113684261,-1.78,9.015879464683984,0.5489035931512508,-0.505348184791881,1,0.0339234623275697,-0.013687000000000001,0.019629272
Q1 1984,-0.6789737697754643,-0.5033938758927667,-0.5545470714776104,-0.5826347452865099,-0.7692929967580358,-0.5549267070468678,-0.7855547404947028,-0.7510028547129095,-0.741722404451767,-0.6324190720686791,-0.7293828172804289,-0.6373287075076282,-0.6358758999462464,-0.6088474474451586,-0.1678615251459081,0.63,4.174410200680376,-0.7983879266874221,-0.24760223302482087,1,0.0309065066913663,-0.017182,0.022546142
Q2 1984,-0.6913763714176548,-0.6816593069920183,-0.8425294226456561,-0.779380663442713,-0.866426255682363,-0.8361614274625868,-0.8071426074931898,-0.7619798899602737,-0.7575001468368958,-0.7612695204703144,-0.7764379718692194,-0.8561385591410806,-0.7605338865862059,-0.797533595163368,0.33484457596874656,1.82,2.9325689654617326,-0.8101259227032508,-0.5197524588680675,1,0.0338402852451134,-0.039799,0.01920593
Q3 1984,-0.7912527849850891,-0.6717394657726944,-0.8177267954356605,-0.8342596451980399,-0.7346122760903434,-0.7650458768269252,-0.7625465977460412,-0.8062142807318994,-0.7993070798530996,-0.7102774302695757,-0.8165758498527801,-0.8980408548760753,-0.6956329568677321,-0.756330149194692,0.10425523127348581,-0.8,3.464258148130178,-0.0039777158857097475,-0.43243734962900504,1,0.0306629300881608,-0.06509,0.022594949
Q4 1984,-0.6251618156947852,-0.6731963407494627,-0.5258114353968318,-0.5411635310010249,-0.65881822292673,-0.6507974018935258,-0.638593962961813,-0.6039490897588914,-0.5897013232933096,-0.6382712144454995,-0.5625025335821204,-0.7121943479184315,-0.6291689172843901,-0.5406961838323529,-0.11492954055131907,1.84,4.125968235852908,-0.11520038481993401,-0.2983024533632803,1,0.0260966535133061,0.08443200000000001,0.018463237
Q1 1985,-0.49510278329426327,-0.45342873265546746,-0.535571173385386,-0.44492375334382384,-0.46962657659698326,-0.5683764645153485,-0.5231495344795495,-0.554110597514068,-0.5366951039249058,-0.5679211176497522,-0.3947749880832355,-0.5754500566140422,-0.4957635478379342,-0.5646236121507514,0.7258684860924536,-0.84,4.93285142244522,1.9623400770823032,4.972894860073358,1,0.0233886791872375,0.05823099999999999,0.020343021
Q2 1985,-0.4901735093759545,-0.5772449356228029,-0.5181234812061775,-0.34447996569768624,-0.48753387376431623,-0.5179028215266632,-0.5240515070604037,-0.4165274145862814,-0.346817905860082,-0.5574484503556587,-0.1174580940469776,-0.6046057057733052,-0.5290709791408326,-0.5706597076105215,1.4247504956440071,1.27,4.057171952570779,0.8629556020337488,1.333244761817789,1,0.0295435855782018,0.003483,0.035196616
Q3 1985,-0.6747433908625963,-0.556506905107533,-0.608422909624497,-0.4049093663483093,-0.45109660454200495,-0.46438251196998814,-0.6217201090676839,-0.5739423680278616,-0.49593667037347744,-0.4927852613084841,-0.6616468434287158,-0.5499300659312579,-0.6144533349607192,-0.5381469170562138,2.560700354552655,-4.54,4.692589532130844,1.770465861157816,3.906114166227918,1,0.0287754638497708,0.084868,0.024499652
Q4 1985,-0.39813677873907827,-0.5023192648400153,-0.6214517769931517,-0.5160631694067078,-0.629590432912179,-0.518884726722782,-0.5445684737429671,-0.37110375081445357,-0.42639178205858264,-0.446635669267074,-0.4714055853035989,-0.39816737172899563,-0.5505517704557669,-0.5394888373014958,2.976775236131381,3.88,3.422783727481124,1.3689325633279386,3.4437783434442633,1,0.0375853691480173,0.0027429999999999998,0.04183229
Q1 1986,-0.30240512767256733,-0.11662044315768705,-0.3856683598078833,-0.11581981765262428,-0.4805591411161044,-0.694748690636484,-0.5475471568743119,-0.5961482067898801,-0.5239874460243875,-0.3817812591599944,-0.5857087865065663,-0.3937807537504655,-0.5443788317077901,-0.4186263067416437,2.025377964629869,4.88,4.4175566525996555,-0.5171578046033624,1.0579634154135613,1,0.0385461035383677,0.085515,0.029125732
Q2 1986,-0.5154465271125495,-0.49616378781098325,-0.47334562961224735,-0.604507074399987,-0.4678482585422068,-0.45274701314676813,-0.5139142937788699,-0.5400927396908046,-0.5873963037676773,-0.4841599132646244,-0.46689203648373967,-0.3738162102181879,-0.48435261510272243,-0.5140287003801798,3.260018537862611,1.03,3.057954987651383,1.328958398158835,1.6484761048486103,1,0.0320116429109018,0.114003,0.022771886
Q3 1986,-0.3752251148713011,-0.327912144726948,-0.27424364204924584,-0.3319517742736176,-0.3997526717599074,-0.456642072722884,-0.4632050876612695,-0.4696667266995805,-0.4349271517858913,-0.403532140835371,-0.4356499508091785,-0.42668018843111605,-0.44447946886643735,-0.5088042165224331,2.7273892594268685,-8.6,4.7289088011044065,-0.48905877285710475,-0.1276437231964649,1,0.0363204222899084,0.007026999999999999,0.017067207
Q4 1986,-0.44329314637750783,-0.46954343743118954,-0.46314316066931194,-0.48656235957038585,-0.3217142794236254,-0.49744716228258734,-0.4454097854658936,-0.400102536010954,-0.4438621596575085,-0.4062288353354464,-0.506644673755053,-0.4638883888610017,-0.468058935189094,-0.400783633426413,1.8438116156882443,-3.27,5.065829750605252,-0.5580721721795104,0.6617390708572701,1,0.0359662008974333,-0.002432,0.027325011
Q1 1987,-0.353876456483704,-0.4429235096980231,-0.28785219089471625,-0.49393019060241117,-0.2995689581098706,-0.32278141053408604,-0.2531534396400936,-0.5273731508284103,-0.620930560877275,-0.4060635503773036,-0.6187551291902633,-0.43377801251956716,-0.3877518984426944,-0.2836365567518542,1.770192586715389,1.64,5.624733705467673,-0.9927316413690137,1.7561732726224175,1,0.0330309426596382,0.014588999999999998,0.021211805
Q2 1987,-0.5810406170631164,-0.39058874468690563,-0.408037010815812,-0.50422295603753,-0.41038599613285287,-0.4035373069391386,-0.4630955412996136,-0.46623106989303276,-0.4324534072359527,-0.3959868347175486,-0.532416731157006,-0.43483663398111494,-0.3623014684736465,-0.33261597903448825,1.8589798096808328,3.94,6.450964992944058,-0.8537929917578966,1.312379060572721,1,0.0305196219109397,-0.013941,0.007796727
Q3 1987,-0.4356694692136072,-0.21508062546523982,-0.4073956730390414,-0.5024951923034038,-0.1990207413561505,-0.21382014224695817,-0.39922008128648817,-0.328136458481122,-0.4030702968723004,-0.38647444130205316,-0.2557569685719832,-0.30271844877311943,-0.43627132037327315,-0.4073701946726816,1.7300109410675297,-2.59,4.032796326462273,0.4114287971101119,-0.22110731070283896,1,0.0336669379023517,-0.05111,0.025258639
Q4 1987,-0.7477323362539442,-0.6202046867349557,-0.6026224823684808,-0.6682176636032112,-0.8656398736169691,-0.958501179991685,-0.5965371006277461,-0.8024977204288323,-0.8182127626429544,-0.7235181997651988,-0.5625932077954715,-0.751689544950119,-0.7331199879909803,-0.7041170390175923,3.060643183472519,6.81,6.129503265286122,0.0031855260130614982,0.8247489946466073,1,0.0305323865548096,-0.072214,0.021948047999999998
Q1 1988,-0.42596510541376503,-0.28062949792043185,-0.21945766651562387,-0.37023375589112334,-0.35770547680659576,-0.2411676906131715,-0.3956935425904589,-0.388053854690631,-0.3722854309207518,-0.08816184585956638,-0.48883393492175703,-0.22776526048574347,-0.3279139188388461,-0.41181395398180914,2.526730188919198,-2.27,6.391396765925887,-0.9762383771832812,3.2783758824402547,1,0.0353578980402027,0.059745000000000006,0.02035166
Q2 1988,-0.24155539222812794,-0.38309137045322905,-0.4910773363104306,-0.4806047283635546,-0.3849819883179968,-0.434949072675735,-0.45131970764370855,-0.4163678618120057,-0.42150984705334316,-0.4181527176789641,-0.45927598651979973,-0.4160612357130755,-0.41620498540502715,-0.4254216137959561,1.6186100200378892,4.79,8.358790311541805,-0.06832455163821913,1.1425755549983379,1,0.040553259299974,0.025893,0.0244132
Q3 1988,-0.5475457504489601,-0.6807144292315445,-0.6037867660586692,-0.524671421932254,-0.6074809380883169,-0.6464455288710721,-0.6637304688925026,-0.575167807012673,-0.5136279640642359,-0.547503915012303,-0.5319308190150139,-0.5677947785163954,-0.5821316866149172,-0.6205099281410539,1.7404899468346293,3.3,5.703734358619012,-0.0497474362763692,2.28729532886858,1,0.0359151692417675,-0.011298,0.018659534
Q4 1988,-0.5140377406005766,-0.6551816060856323,-0.5316585411649043,-0.5726637086441456,-0.6743275689380043,-0.4473794464167221,-0.5909240753757655,-0.5689012365388334,-0.5628630598572252,-0.5671891984892002,-0.5723424870452273,-0.5124973694756988,-0.5902276652176798,-0.630138728373269,1.3086414699408426,1.49,6.5110269181747835,-0.599326687392608,1.5804471870961692,1,0.0358039759092856,0.003018,0.022300122000000002
Q1 1989,-0.6173666966642363,-0.6472292589188103,-0.6253584061537617,-0.644553340758023,-0.6793110988850249,-0.40143309648583536,-0.6096673480237166,-0.5872989389816211,-0.670104105171709,-0.6364142363273492,-0.47710412177933226,-0.5158149650947427,-0.5549743758164613,-0.5141618003025094,1.6790896768335262,1.57,5.7832006969378975,-0.7522542435589896,1.7125668294159437,1,0.0361803549302676,-0.013997999999999998,0.023521022000000003
Q2 1989,-0.6434382343558926,-0.641280516064092,-0.7355622436959823,-0.6351344473371263,-0.6299171236755079,-0.6409192798927368,-0.6480992883365371,-0.600336527756336,-0.5925251114507422,-0.674998711157607,-0.5777821148529645,-0.6257200216740149,-0.6444263550428166,-0.6766145268906261,1.5499161526530558,-1.35,3.2901303487650617,-0.43847879878125146,1.093240047469286,1,0.0349335246948607,-0.007824,0.022297344
Q3 1989,-0.5359514521630985,-0.5824404050591824,-0.5640448548975311,-0.5635580589567019,-0.5091885686906702,-0.6275360969491747,-0.5909233738359619,-0.5581256349819507,-0.5623861505226279,-0.5758790345383341,-0.33140050688848766,-0.5965851514595976,-0.5779233032560823,-0.5798570802113027,1.4669098943292627,-0.76,2.605718119573847,-0.46784278228211784,-0.5790451020203125,1,0.0272301419497105,0.078193,0.026676691000000002
Q4 1989,-0.5767846290414586,-0.7027166879069272,-0.5574494901812367,-0.6428263161776103,-0.6401222411829149,-0.5855213725962628,-0.5957759869772034,-0.6285299605179931,-0.4769524799585888,-0.6317532486869887,-0.5852498621238317,-0.6081046689836539,-0.5931308544222628,-0.5574490404922573,1.611678177903622,1.16,3.9964402868180553,-0.3922647628412666,0.7587432622317332,1,0.0288398747378083,-0.016676,0.024340993
Q1 1990,-0.66546514577047,-0.8197061159874387,-0.9332670334835477,-0.6649366197226362,-0.6939121247180807,-0.46318973950267794,-0.713205908050686,-0.6994948404843985,-0.5340589428908776,-0.6990982313225439,-0.2591650123532533,-0.7398271502519019,-0.6601109465821965,-0.7074752807296564,0.8464485134409833,1.83,2.8793094278508025,-0.6413388584988485,-0.8282033956934303,1,0.0282613792213772,0.022385,0.018987378
Q2 1990,-0.589509511465888,-0.4634368586599341,-0.5719205697810451,-0.5466579153590782,-0.6158968441189298,-0.6574832431017362,-0.6440463971005298,-0.5335008671790097,-0.6683464641254916,-0.6316483481221403,-0.7232009509382832,-0.4410549284942037,-0.6282783200649807,-0.5625096152885433,1.5137291382509812,-1.09,5.364522960149848,0.3402530241818847,0.4146198237676044,1,0.0236394804204991,-0.046248000000000004,0.023154046
Q3 1990,-0.9022955747364495,-0.9308357398086503,-0.9886428705557794,-0.9128402131687195,-0.6630210732031209,-0.700844737445076,-0.6852988477535712,-0.9068986289795132,-0.9440032953015501,-0.8009702254480352,-1.0067682577473689,-0.9845317861921886,-0.7348264394821772,-0.7742851368564606,0.8036937483990093,-6.12,5.1228881555192585,0.6949010412100374,2.064547286141514,1,0.0310033744437719,0.013718000000000001,0.018641932
Q4 1990,-0.5809676396650948,-0.5274110449745807,-0.4795014184567149,-0.6636313664414505,-0.6488948559818487,-0.7503076059227473,-0.5558325449106872,-0.5721486443125693,-0.5375446080453669,-0.5814107497533761,-0.5383382784345748,-0.6272148917082395,-0.5891757383362085,-0.5063884430569393,-0.4310718570727881,2.46,8.550983511966448,-1.503711888905694,3.206449326221218,1,0.0234384814188929,-0.024134,0.029146169
Q1 1991,-0.264875841583367,-0.18145776539738506,-0.3235957738291915,-0.3118198719843544,-0.29640783325280445,-0.3656573713044798,-0.37693379012796285,-0.24487057645162974,-0.36486521970808333,-0.2666948743880542,-0.3091569480212644,-0.1767152825441119,-0.2823482696849529,-0.2817415697062953,0.12455164456155458,2.65,10.060606298314509,-1.1507362552554232,1.3068516029182398,1,0.0109558427344585,0.051737,0.023433537
Q2 1991,-0.445625111010374,-0.4365647036181351,-0.49467272922383826,-0.4164996844647835,-0.3510319014105328,-0.431362874414754,-0.41163929215105904,-0.40106632047067775,-0.35381281525087177,-0.4460531026464177,-0.4731946506161498,-0.3670578949550399,-0.38328600863566203,-0.4385587165008414,-0.03280533826613378,-4.94,4.634849530542997,-0.2916656951888154,1.1266615007660112,1,0.00664880251794158,0.006992,0.009401295
Q3 1991,-0.37833795554793076,-0.4295005331832496,-0.4377363111217046,-0.5558496297144631,-0.4058682241962109,-0.4720749805621836,-0.46585301775705995,-0.45999453908513305,-0.4773648243112412,-0.5038796974626027,-0.5182489230411651,-0.533490122171151,-0.4659026999103402,-0.36315613365510574,-0.29310568902121853,-1.59,2.505474757458783,-0.763278028475514,1.2290497876098216,1,0.0041201425261464,-0.006301,0.01121824
Q4 1991,-0.4223995421344028,-0.48374763807486787,-0.4412628528706747,-0.4028585158420005,-0.3261375332163735,-0.5791527867185567,-0.33584054120573115,-0.37553205816975954,-0.4051976685360269,-0.32961827058824344,-0.5104993906447898,-0.49526837871289786,-0.3791229299965605,-0.43558170559106835,0.636372084678831,10.84,2.8206165612505436,-0.7212518374119599,0.6024207347004866,1,0.000571894024437033,0.057745000000000005,0.010833146
Q1 1992,-0.23673938241971476,-0.27939478276484236,-0.5248266382601801,-0.3098197161690203,-0.36388927607815286,-0.2784801079130716,-0.36060193850780936,-0.24336615404038148,-0.2501009873848467,-0.2779619282078933,-0.2232541357925168,-0.24457322612853377,-0.273871754193631,-0.3469273232463241,0.3310500144086132,-2.66,3.3705550887211824,-0.5277747560446314,2.417837434315037,1,0.00847662822638425,0.057571000000000004,-0.003085985
Q2 1992,-0.32446697870095215,-0.38468384162686825,-0.45711803297533987,-0.39269532285271297,-0.27220252964913233,-0.3643571185936129,-0.3177202749507326,-0.28675364164335687,-0.31947642228130996,-0.33433814649622534,-0.37989103000478924,-0.3810290877129174,-0.2961921361080157,-0.2797485289637424,0.4596137348048102,-2.34,2.689550922412847,-0.15102431403709185,-1.450702551033289,1,0.0178903692817401,-0.032612,-0.001607785
Q3 1992,-0.3329606714194562,-0.47402914737499313,-0.18216772801491588,-0.4688318668711162,-0.3588455045223855,-0.4966913697932249,-0.29010197550592864,-0.25427284470201994,-0.43349222878990834,-0.29909894522631775,-0.4022669423656595,-0.505316220555706,-0.28711144363601293,-0.25182257069039804,0.23965624368142077,1.19,1.956492669182018,0.26872285779589306,-0.3787117162895859,1,0.0144218007157932,0.036535000000000005,-0.001785133
Q4 1992,-0.2116742464037873,-0.1258018370230427,-0.2764471066559977,-0.020179463972666012,-0.21024598694476526,-0.1595003039666094,-0.2589777074625139,-0.1750604051821536,-0.23663834610328727,-0.23084904644973814,-0.2416821640021325,0.02699125454864082,-0.24951476049700783,-0.1498100768736561,-0.3171081188698906,1.53,6.358683091905574,-1.2464884250383286,2.9024105224450656,1,0.018497199622974,0.058477999999999995,0.0035438740000000002
Q1 1993,-0.15499304266515068,-0.10713544210117742,-0.16111097037101274,-0.1567719435142294,-0.18987573145341408,-0.1163179214087009,-0.19786114302336255,-0.18681451263144222,-0.14211627529915472,-0.10869076395361521,-0.2196408895146913,-0.15855478460191552,-0.13528307295986775,-0.21951934574535503,-1.6905303195932995,2.3,6.138990605841083,-0.028124185034581146,0.5236900227581067,1,0.0202445353858377,-0.005896,0.008274394000000001
Q2 1993,-0.26429217777995007,-0.1507342856105831,-0.1569803885719656,-0.0909590308974666,-0.2219109244581654,-0.21557366057755,-0.1873839250459035,-0.1487911923858789,-0.2525046048009125,-0.23819041487969006,-0.19756073229532234,-0.1345480173675746,-0.19611766899272176,-0.2265225378479938,-1.1522089238075135,0.31,4.9134375599527695,-0.2929806731049404,0.06552356221592959,1,0.007537136232086791,0.053737,0.007972311999999999
Q3 1993,-0.17477050159394136,-0.13589341091106033,-0.22418784588008234,-0.15632438926238046,-0.11906177991408051,-0.14961892758405804,-0.2705202117851606,-0.2091838551725218,-0.13913091870415983,-0.24803524966540214,-0.17631617339317285,-0.07855192143551037,-0.18953197805733724,-0.19947120735126167,-0.7463919341003784,-0.12,5.935376275057982,-0.01624172985277605,0.1939752516354698,1,0.00813353350106292,0.032208999999999995,0.013835014
Q4 1993,-0.1338111103851856,-0.10402073350275257,-0.3306539299564908,-0.1804534995130083,-0.13228279063341522,-0.07230918175185022,-0.12346958700135205,-0.049669974897965236,-0.07637599369239514,-0.08826898103149142,-0.07409457766417885,-0.13310138571740063,-0.09223170392918204,-0.10213303924414022,-0.007372178653131175,1.65,4.519840110217348,0.4170678345545923,-0.7319098157039066,1,0.0100487735210504,0.030539999999999998,0.018501155
Q1 1994,-0.33132962111990105,-0.29601734599983365,-0.2016275034704358,-0.09644444016929343,-0.32683448645345825,-0.22679136235107178,-0.25850357143516645,-0.30583692045903055,-0.32286827363780857,-0.2920944435471209,-0.3394026577082614,-0.28667697680727544,-0.31032107873198056,-0.3494954171525948,0.9790106123898739,-4.78,2.3217533198788454,-0.39795219004737176,0.6580505099269018,1,0.0125593062577451,-0.015966,0.020335099
Q2 1994,-0.3964803821158633,-0.375898889318742,-0.23887571453220996,-0.37504458835234494,-0.3195071550885146,-0.3846797547358158,-0.37555642870164746,-0.36354328002237984,-0.3551830106471016,-0.3388044992379106,-0.32668271221869055,-0.31480776527075477,-0.34443736841194056,-0.36343662212141,1.1021318373038622,-3.03,1.2226523770902369,0.9976455992687238,0.0221594855068572,1,0.0215696073101407,-0.059409000000000003,0.02901429
Q3 1994,-0.3700785317700682,-0.3733116838827283,-0.4211350263212309,-0.35136199708179816,-0.3396466418757499,-0.3365847086371979,-0.2761424103948825,-0.39600178046825885,-0.37148438075917667,-0.3898949647463369,-0.43430183816176526,-0.3332078961775452,-0.328638613348179,-0.33069625458508056,1.227985091960253,-2.31,1.4457168029875864,0.5909830603014745,-0.763842664351166,1,0.022971771331925,-0.025988,0.028091141
Q4 1994,-0.4413561165471465,-0.4671412320935678,-0.444745363803921,-0.506485989642234,-0.47466073864594144,-0.33233768551428927,-0.4466609435038716,-0.410062826425945,-0.40421839196889003,-0.40646279253003087,-0.4634283277861014,-0.397476568755407,-0.40012902622026264,-0.4186599593432843,1.1759989727268052,0.86,0.6028397537409996,-0.6340872305030386,1.177384411947009,1,0.0236294626647256,-0.011403,0.031220071000000002
Q1 1995,-0.448834458719583,-0.5061739338548668,-0.6250232070818891,-0.5012199852636234,-0.44241954170674985,-0.5995506076381361,-0.4157574454403355,-0.4968942222209752,-0.5443347619274963,-0.49693195042601707,-0.5666323939728457,-0.46093581050447435,-0.4947213623730083,-0.4370770599305543,0.3634695338038569,2.19,0.8732125356624143,0.47309158226936576,-0.5328185473180169,1,0.0218126118518646,-0.006103,0.031979031
Q2 1995,-0.4537748818638436,-0.3667428675195563,-0.552403808736875,-0.433694111504461,-0.4021166279829107,-0.35175922557260475,-0.41445526115040576,-0.35193512824461703,-0.37975547132234966,-0.3927826121173077,-0.3972193883533335,-0.33574194151527803,-0.3981153982472183,-0.40836637533005526,1.2692336831284599,2.72,1.0329648745986952,-0.08512579833461806,-1.0491929455087199,1,0.0180913840958004,0.048882,0.024243012999999997
Q3 1995,-0.45599182082157635,-0.37193762701122896,-0.23549016684031826,-0.40237556887057685,-0.38902305848680047,-0.39451425450369576,-0.43476845155727367,-0.3629279814803346,-0.38548629045988153,-0.3902859386817819,-0.4690298304610681,-0.3092345022747412,-0.36015119841083304,-0.36445005523966173,1.1864729809383847,3.35,0.9559680363282433,1.079555967878707,0.6135536011954885,1,0.0223124570774,0.070385,0.027573572
Q4 1995,-0.4409692741726807,-0.4155344595521402,-0.39515333996752555,-0.5185742629820929,-0.4571228576303532,-0.5093323361963094,-0.4386071643839011,-0.3951044057997153,-0.4630676361549486,-0.4068280194864513,-0.5421946389868981,-0.5657292288791529,-0.4226178860906058,-0.4396182355105702,1.218058881079928,1.03,1.3785142784318059,0.3841065141701779,-0.17973329298225638,1,0.0206473018388659,0.004944,0.025775226000000002
Q1 1996,-0.27876167701777044,-0.30645650949819847,-0.3514282171721005,-0.4043719063793846,-0.38119099896719655,-0.3423753103209156,-0.3285425324254708,-0.2893751581231875,-0.31058423920798395,-0.37036408602249293,-0.3143243382376374,-0.2885994102137944,-0.3008474538127274,-0.3719504722814063,1.700941875149267,0.73,2.364376909814084,2.150348037867058,5.8413569312782085,1,0.0186950501018205,0.043276,0.026728157000000002
Q2 1996,-0.3519466932841647,-0.2940262996240609,-0.3652672784155083,-0.2959753156038728,-0.3965904251151443,-0.31408334773528834,-0.36797992852049577,-0.37409025752024816,-0.3711064637754108,-0.3194919487891227,-0.3712950168160042,-0.35992095110462474,-0.3136630083897135,-0.3926259399865192,1.26343068952785,-1.14,1.431808818477768,0.624851458679489,-0.2053384444843891,1,0.0231718704295123,-0.044979000000000005,0.025622442000000002
Q3 1996,-0.4316493278942884,-0.43751178115820505,-0.48182316946833975,-0.4680789254293179,-0.42741210948273306,-0.453897418714496,-0.38958022243984797,-0.4395214533867083,-0.40477852540078413,-0.4025350745577359,-0.4797141904989171,-0.3770118635477702,-0.409933370546304,-0.365843806583309,1.704937424770264,5.01,2.1811902848137668,0.8970721664803594,0.8998210142067826,1,0.0210923796093279,-0.021256999999999998,0.027487219
Q4 1996,-0.3691954788945831,-0.2368085465033874,-0.5405179318140068,-0.4379835750730577,-0.38625618307049964,-0.31247038061671534,-0.3421255019706467,-0.4045750288456276,-0.39754109319452896,-0.3978279060241024,-0.4035334513469478,-0.3125849817980955,-0.33859242384788063,-0.4146062546027301,1.913554967391325,-1.7,2.1530686497671043,1.2550422059430812,0.649949055947129,1,0.0203062502001001,0.005031,0.026370129
Q1 1997,-0.29181723590389136,-0.35538124606975724,-0.4906784784925871,-0.3222950529305851,-0.4308037070111806,-0.3626977336017741,-0.4325052656305551,-0.2602612741486479,-0.24264822704881556,-0.2922285189317669,-0.37687258812016317,-0.26552272005403516,-0.29183093141386457,-0.3771642964810947,1.3542166728451939,-5.02,2.255809995860793,0.054448669226846214,-1.2598032978886886,1,0.0219089708782531,0.021949,0.030863757000000002
Q2 1997,-0.2967506884259893,-0.13021308401545884,-0.23594401814195887,-0.2552191376436407,-0.24528964873987202,-0.24389711317879825,-0.24935409904283456,-0.18279817486020444,-0.2776927583466281,-0.27178265670738255,-0.3255215232892449,-0.27128649449740905,-0.19795420948566445,-0.30675160629261,1.8231011874941399,4.1,3.6693101405100097,-0.7124514697333119,0.13684611980145434,1,0.0228131199249742,-0.033599000000000004,0.032053288
Q3 1997,-0.3897987818055851,-0.3684987932560824,-0.5229196790989472,-0.25972756046641937,-0.4360310437963429,-0.3483074245262939,-0.3710463974077239,-0.428117788991814,-0.36271037119796873,-0.43122026042184786,-0.35717135226487834,-0.3556855068443406,-0.3644960512467273,-0.29775168717159645,1.8241617116544013,5.35,3.9957393524702054,0.26222605142753874,-1.4428930385668397,1,0.0181433867210483,0.036098000000000005,0.017952815
Q4 1997,-0.47867872074710194,-0.47475906169101156,-0.625426711898792,-0.42162507034654384,-0.5098730992730061,-0.5561423974379198,-0.4988086379070116,-0.3956044942754722,-0.45921698658730614,-0.43565987196908607,-0.48651193244908564,-0.5508698178246543,-0.4878690340737033,-0.49510689598882207,2.40714826380892,1.32,2.577149776160838,-1.1951446029928803,1.358553944447233,1,0.0228257672915178,0.029031,0.017702389
Q1 1998,-0.13825779966895124,-0.03641109463870984,-0.3440745748999635,-0.050613621507020645,-0.3209536834716825,-0.3310477143249789,-0.2591657644533013,-0.19544285945309647,-0.2045184595528523,-0.19464130158954818,-0.2098036558373083,-0.19796673707294,-0.22287336854508888,-0.24162087199305782,2.110583238577418,4.76,2.503963363890551,-1.9983955278941983,5.5744409295557125,1,0.0238076165735939,0.028813,0.016068651
Q2 1998,-0.32786192801364483,-0.3930367349802973,-0.416279230831983,-0.45529908472248765,-0.4112516630889845,-0.46766423866608503,-0.4241070991096388,-0.37714555497374286,-0.2788582639714468,-0.23806247297705935,-0.37064477545572744,-0.3393782658702838,-0.36548894466861964,-0.42653567713721846,2.47760064722129,3.18,2.2559705734945563,-1.3049419807006257,1.587552376678734,1,0.0182331343971079,0.003177,-0.001197769
Q3 1998,-0.7142290317374256,-0.7420671938868084,-0.64090580017099,-0.6360651963136963,-0.5009254266305012,-0.8450668956901799,-0.7158119906799669,-0.7408566199848359,-0.7050253236892834,-0.583399089746476,-0.8258711243315826,-0.7381272960560556,-0.7199513505006072,-0.5943551051641558,2.9147945201366174,6.15,1.85830463590105,0.10173533036363948,-0.6230474102457766,1,0.026455399682854,0.014988,0.002405112
Q4 1998,-0.1827151402993571,-0.132119684445562,-0.3297084207538107,-0.14118920455272221,-0.2782433170779416,-0.31524921253901106,-0.22880982612984113,-0.17114247903958824,-0.2666440146108099,-0.1763617499343041,-0.30257745205146336,-0.20742044624873757,-0.1942694662579988,-0.2247984666086601,2.393657727824818,6.16,2.7730087605687146,-0.5952331452324392,-0.20563689719752443,1,0.0274707079351771,0.080188,0.014950352
Q1 1999,-0.3658989922734633,-0.41916935973750596,-0.26590522123650234,-0.3755276963998669,-0.38307374654539955,-0.31771055904061934,-0.38280594480880153,-0.4221909248124088,-0.44217951895373125,-0.48181966951251837,-0.3553859489493328,-0.3618780886812945,-0.41926849018269713,-0.35755707561856404,2.7942557670656973,3.45,1.802845485192118,1.1424012932051242,0.7883213427165865,1,0.0282464893854693,-0.01778,0.004770242
Q2 1999,-0.32131128302517953,-0.3470914285439616,-0.3044817407999819,-0.4619438673843922,-0.38464186343366225,-0.37802669828516644,-0.31107667866096966,-0.42081335798167674,-0.2988765268205503,-0.4309657889577242,-0.4012528094617368,-0.2399728597287446,-0.34708172360162204,-0.3925218912304441,2.226340540865437,4.77,2.602918287839752,0.2575331145274116,-0.8667951305798365,1,0.0341272740113644,-0.043564,-0.000294038
Q3 1999,-0.37002010441455135,-0.4556198884071344,-0.3708431337149539,-0.4116715507162668,-0.42839577100410187,-0.30105654473139276,-0.3768648795817823,-0.3890797535843754,-0.43360760822869826,-0.3913340833863431,-0.4678810774889456,-0.3967881999798143,-0.40316719883589636,-0.4389161436335177,2.6986154674122402,-2.79,1.3222350791429016,0.40531818785650026,-0.45378546165247613,1,0.0341776409993629,-0.044275999999999996,0.00435737
Q4 1999,-0.18449039737404377,-0.22843917390634388,-0.3349297421080029,-0.25067019097309956,-0.35742145930113584,-0.3288949235831989,-0.21162717034893014,-0.34301712237654375,-0.14031836341807008,-0.34551296820056493,-0.36774625597554916,-0.017725503112045404,-0.26048803996129927,-0.3218796877742283,3.0042162792265823,7.72,2.060205342252112,0.30958852106485224,-0.6649853160700436,1,0.0344139882573614,-0.008029999999999999,0.01210938
Q1 2000,-0.39470203573164153,-0.41014390688102265,-0.45895828527858584,-0.42487920530340273,-0.46197686520467074,-0.49375945446650005,-0.32231920735755915,-0.4919606968802308,-0.37505196990049794,-0.6701893521923392,-0.5366919252336946,-0.2949173317435634,-0.4588050969230253,-0.5168025600024759,2.711282030336976,5.2,1.7400860683411388,0.368742995266514,-1.2969764248371622,1,0.0366262041032437,-0.036101999999999995,-0.0030137740000000003
Q2 2000,-0.37085402387102884,-0.478665757381323,-0.4325132322193991,-0.3593850392117105,-0.3147889519301238,-0.32682875637884445,-0.31700512459477326,-0.3647066908446629,-0.5258552147181424,-0.32628151583988585,-0.38594588017899023,-0.45574317725487,-0.35396978807243296,-0.41527032955739396,2.8339219162018794,4.64,2.6733096815242825,1.269099123798053,1.5888134008329544,1,0.0392957846886238,0.025475,-0.008913269
Q3 2000,-0.5333348916752352,-0.46289065862793977,-0.5991586676896097,-0.5419502466686359,-0.501851552824814,-0.4216021960077241,-0.4865199029270644,-0.5239639058719041,-0.5308142816082102,-0.47251897501503337,-0.4496036936161254,-0.6034474913445005,-0.5114638549500283,-0.49681247350509516,2.0556726699879846,-5.45,2.343192094407429,-0.4118102282127775,2.19761574118242,1,0.0354338554663813,0.000440999999999999,-0.000734884
Q4 2000,-0.5571146723699059,-0.631706195945295,-0.6092807357807999,-0.4965538124898803,-0.533130423518517,-0.5488187357293217,-0.6649090129147801,-0.42525663956606863,-0.5484731968157099,-0.5229537070430297,-0.5640583401087618,-0.6623120297900176,-0.5274143442221622,-0.49768153165166495,1.8129486014898712,1.19,0.8484156638481355,1.04055402712459,1.523784258312256,1,0.0316172847945009,0.005028,-0.003131727
